listing_url,product_url,image_url,name,sku,price,scent,main_category,sub_category,remote_image_url
https://www.stormbowling.com/products/bowling-essentials/cleaners-polishes/,https://www.stormbowling.com/storm-reacta-clean-ball-cleaner,static/catalog_images/reacta_clean_7684b7b8.webp,REACTA CLEAN,REACTA_CLEAN,$7.00,none,Bowling Essentials,Cleaners Polishes,https://assets.1.commercebuild.com/d186dcd2044cf54d8e48876defef4907/contents/REACTA_CLEAN/thumbnail/big_Storm_Cleaners_ReactaClean_8oz_(2)-Z_(1).png
https://www.stormbowling.com/products/bowling-essentials/cleaners-polishes/,https://www.stormbowling.com/storm-reacta-foam,static/catalog_images/reacta_foam_43f9e269.webp,REACTA FOAM,REACTA_FOAM,$5.78,none,Bowling Essentials,Cleaners Polishes,https://assets.1.commercebuild.com/d186dcd2044cf54d8e48876defef4907/contents/REACTA_FOAM/thumbnail/big_CHRFB@2.png
https://www.stormbowling.com/products/bowling-essentials/cleaners-polishes/,https://www.stormbowling.com/storm-power-edge-ball-polish,static/catalog_images/power_edge_49b54b6c.webp,POWER EDGE,POWER_EDGE,$9.90,none,Bowling Essentials,Cleaners Polishes,https://assets.1.commercebuild.com/d186dcd2044cf54d8e48876defef4907/contents/POWER_EDGE/thumbnail/big_Power_Edge_8oz_(2).png
https://www.stormbowling.com/products/bowling-essentials/cleaners-polishes/,https://www.stormbowling.com/storm-rough-edge-ball-polish-quart,static/catalog_images/chreq_9e4c6ed7.webp,ROUGH EDGE QUART,CHREQ,$25.30,none,Bowling Essentials,Cleaners Polishes,https://assets.1.commercebuild.com/d186dcd2044cf54d8e48876defef4907/contents/CHREQ/thumbnail/big_CHREQ@2.png
https://www.stormbowling.com/products/bowling-essentials/cleaners-polishes/,https://www.stormbowling.com/storm-smooth-edge-ball-polish-quart,static/catalog_images/chseq_dd8ec11c.webp,SMOOTH EDGE QUART,CHSEQ,$25.30,none,Bowling Essentials,Cleaners Polishes,https://assets.1.commercebuild.com/d186dcd2044cf54d8e48876defef4907/contents/CHSEQ/thumbnail/middle_CHSEQ@2.png
https://www.stormbowling.com/products/bowling-essentials/cleaners-polishes/,https://www.stormbowling.com/storm-reacta-skuff-ball-finish,static/catalog_images/reacta_skuff_763c07c4.webp,REACTA SKUFF,REACTA_SKUFF,$8.00,none,Bowling Essentials,Cleaners Polishes,https://assets.1.commercebuild.com/d186dcd2044cf54d8e48876defef4907/contents/REACTA_SKUFF/thumbnail/middle_CHRSKB@2.png
https://www.stormbowling.com/products/bowling-essentials/cleaners-polishes/,https://www.stormbowling.com/storm-reacta-shine-ball-polish,static/catalog_images/reacta_shine_af78e89c.webp,REACTA SHINE,REACTA_SHINE,$9.90,none,Bowling Essentials,Cleaners Polishes,https://assets.1.commercebuild.com/d186dcd2044cf54d8e48876defef4907/contents/REACTA_SHINE/thumbnail/middle_Storm_Cleaners_ReactaShine8.png
https://www.stormbowling.com/products/bowling-essentials/cleaners-polishes/,https://www.stormbowling.com/storm-reacta-gloss-ball-polish,static/catalog_images/reacta_gloss_47bbfa2b.webp,REACTA GLOSS,REACTA_GLOSS,12.10,none,Bowling Essentials,Cleaners Polishes,https://assets.1.commercebuild.com/d186dcd2044cf54d8e48876defef4907/contents/REACTA_GLOSS/thumbnail/middle_Storm_Reacta_Gloss_Web_8oz_(2).png
https://www.stormbowling.com/products/bowling-essentials/cleaners-polishes/,https://www.stormbowling.com/storm-u-clean-u-score-ball-cleaner,static/catalog_images/chucus_bef74487.webp,U-CLEAN U-SCORE,CHUCUS,$38.00,none,Bowling Essentials,Cleaners Polishes,https://assets.1.commercebuild.com/d186dcd2044cf54d8e48876defef4907/contents/CHUCUS/thumbnail/middle_Storm_Cleaners_2018_UCUS_8_(2)-Z.png
https://www.stormbowling.com/products/bowling-essentials/cleaners-polishes/,https://www.stormbowling.com/storm-true-blue-ball-cleaner,static/catalog_images/true_blue_a01b521b.webp,TRUE BLUE,TRUE_BLUE,$31.85,none,Bowling Essentials,Cleaners Polishes,https://assets.1.commercebuild.com/d186dcd2044cf54d8e48876defef4907/contents/TRUE_BLUE/thumbnail/middle_Storm_Cleaners_2018_TrueBlue_8_(2)-Z.png
https://www.stormbowling.com/products/bowling-essentials/cleaners-polishes/,https://www.stormbowling.com/storm-xtra-clean-ball-cleaner,static/catalog_images/xtra_clean_e39d622a.webp,XTRA CLEAN,XTRA_CLEAN,$31.85,none,Bowling Essentials,Cleaners Polishes,https://assets.1.commercebuild.com/d186dcd2044cf54d8e48876defef4907/contents/XTRA_CLEAN/thumbnail/middle_Storm_Cleaners_XtraClean_8oz_(2)-Z.png
https://www.stormbowling.com/products/bowling-essentials/cleaners-polishes/,https://www.stormbowling.com/storm-xtra-shine-ball-polish,static/catalog_images/xtra_shine_9ff855bc.webp,XTRA SHINE,XTRA_SHINE,$16.80,none,Bowling Essentials,Cleaners Polishes,https://assets.1.commercebuild.com/d186dcd2044cf54d8e48876defef4907/contents/XTRA_SHINE/thumbnail/middle_Storm_Xtra_Shine_8_oz.png
https://www.stormbowling.com/products/bowling-essentials/cleaners-polishes/,https://www.stormbowling.com/storm-reacta-wipes-ball-cleaner,static/catalog_images/reacta_wipes_d207d724.webp,REACTA WIPES,REACTA_WIPES,$8.40,none,Bowling Essentials,Cleaners Polishes,https://assets.1.commercebuild.com/d186dcd2044cf54d8e48876defef4907/contents/REACTA_WIPES/thumbnail/middle_Storm_Cleaners_reacta_wipe.png
https://www.stormbowling.com/products/bowling-essentials/cleaners-polishes/,https://www.stormbowling.com/storm-ball-surface-management-kit-pro,static/catalog_images/chsmkp_28b38ec6.webp,SURFACE MANAGEMENT KIT PRO,CHSMKP,$48.40,none,Bowling Essentials,Cleaners Polishes,https://assets.1.commercebuild.com/d186dcd2044cf54d8e48876defef4907/contents/CHSMKP/thumbnail/middle_surface_Management_Kit-1.png
https://www.stormbowling.com/products/bowling-essentials/cleaners-polishes/,https://www.stormbowling.com/storm-ball-surface-management-kit,static/catalog_images/chsmk_11796a46.webp,SURFACE MANAGEMENT KIT,CHSMK,$36.30,none,Bowling Essentials,Cleaners Polishes,https://assets.1.commercebuild.com/d186dcd2044cf54d8e48876defef4907/contents/CHSMK/thumbnail/middle_surface_Management_Kit-2.png
https://www.stormbowling.com/products/bowling-essentials/cleaners-polishes/,https://www.stormbowling.com/storm-xtra-value-ball-surface-kit,static/catalog_images/chvkit_a782cd50.webp,XTRA VALUE KIT,CHVKIT,$130.90,none,Bowling Essentials,Cleaners Polishes,https://assets.1.commercebuild.com/d186dcd2044cf54d8e48876defef4907/contents/CHVKIT/thumbnail/middle_surface_Management_Kit_3.png
https://www.stormbowling.com/products/bowling-essentials/cleaners-polishes/,https://www.stormbowling.com/products/bowling-essentials/cleaners-polishes/m509c-master-rental-shoe-cleaner-dozen,,Master Rental Shoe Cleaner (12 Pack),M509C,$84.50,none,Bowling Essentials,Cleaners Polishes,
https://www.stormbowling.com/products/bowling-essentials/grip-aids/,https://www.stormbowling.com/storm-grip-sack-cloud,static/catalog_images/ac991_06aea898.webp,STORM CLOUD GRIP SACK,AC991,$4.40,none,Bowling Essentials,Grip Aids,https://assets.1.commercebuild.com/d186dcd2044cf54d8e48876defef4907/contents/AC991/thumbnail/big_AC991@2.png
https://www.stormbowling.com/products/bowling-essentials/grip-aids/,https://www.stormbowling.com/storm-scented-grip-bag-red,static/catalog_images/ac985_187856c7.webp,STORM SCENTED GRIP BAG RED,AC985,$5.25,none,Bowling Essentials,Grip Aids,https://assets.1.commercebuild.com/d186dcd2044cf54d8e48876defef4907/contents/AC985/thumbnail/big_scentedbags_red-Z.PNG
https://www.stormbowling.com/products/bowling-essentials/grip-aids/,https://www.stormbowling.com/storm-scented-grip-bag-black,static/catalog_images/ac990_1327b4b4.webp,STORM SCENTED GRIP BAG BLACK,AC990,$5.25,none,Bowling Essentials,Grip Aids,https://assets.1.commercebuild.com/d186dcd2044cf54d8e48876defef4907/contents/AC990/thumbnail/big_scentedbags_black-Z.PNG
https://www.stormbowling.com/products/bowling-essentials/grip-aids/,https://www.stormbowling.com/storm-scented-grip-bag-blue,static/catalog_images/ac995_bdd7c865.webp,STORM SCENTED GRIP BAG BLUE,AC995,$5.25,none,Bowling Essentials,Grip Aids,https://assets.1.commercebuild.com/d186dcd2044cf54d8e48876defef4907/contents/AC995/thumbnail/big_scentedbags_blue-Z.PNG
https://www.stormbowling.com/products/bowling-essentials/grip-aids/,https://www.stormbowling.com/storm-stormoji-grip-bag,static/catalog_images/stormoji_273f90d9.webp,STORMOJI GRIP BAG,STORMOJI,$5.25,none,Bowling Essentials,Grip Aids,https://assets.1.commercebuild.com/d186dcd2044cf54d8e48876defef4907/contents/STORMOJI/thumbnail/middle_Emoji_Grip_Sacks_happy-Z.png
https://www.stormbowling.com/products/bowling-essentials/grip-aids/,https://www.stormbowling.com/roto-grip-grip-sack-star,static/catalog_images/acsackstar_0de7e524.webp,RG STAR GRIP SACK,ACSACKSTAR,$12.10,none,Bowling Essentials,Grip Aids,https://assets.1.commercebuild.com/d186dcd2044cf54d8e48876defef4907/contents/ACSACKSTAR/thumbnail/middle_ACSACKSTAR@2.png
https://www.stormbowling.com/products/bowling-essentials/grip-aids/,https://www.stormbowling.com/roto-grip-grip-sack-gold,static/catalog_images/ac992_bd2fb147.webp,GLOBAL GOLD GRIP SACK,AC992,$5.50,none,Bowling Essentials,Grip Aids,https://assets.1.commercebuild.com/d186dcd2044cf54d8e48876defef4907/contents/AC992/thumbnail/middle_AC992@2.png
https://www.stormbowling.com/products/bowling-essentials/grip-aids/,https://www.stormbowling.com/storm-grip-bag-ptlp,static/catalog_images/ac986_7fc3c584.webp,STORM PTLP GRIP BAG,AC986,$7.00,none,Bowling Essentials,Grip Aids,https://assets.1.commercebuild.com/d186dcd2044cf54d8e48876defef4907/contents/AC986/thumbnail/middle_Storm_PTLP_2024_Grip_Sack_PTLPP.png
https://www.stormbowling.com/products/bowling-essentials/grip-aids/,https://www.stormbowling.com/master-puff-ball,static/catalog_images/m1166_e92c5d2c.webp,PUFF-BALL,M1166,$7.00,none,Bowling Essentials,Grip Aids,https://assets.1.commercebuild.com/d186dcd2044cf54d8e48876defef4907/contents/M1166/thumbnail/middle_M1166_Puff_Ball_(2)-Z.png
https://www.stormbowling.com/products/bowling-essentials/grip-aids/,https://www.stormbowling.com/master-giant-puff-ball,static/catalog_images/m1166l_d61bf7d1.webp,GIANT PUFF-BALL,M1166L,$8.00,none,Bowling Essentials,Grip Aids,https://assets.1.commercebuild.com/d186dcd2044cf54d8e48876defef4907/contents/M1166L/thumbnail/middle_M1166L.png
https://www.stormbowling.com/products/bowling-essentials/grip-aids/,https://www.stormbowling.com/master-puff-ball-camo,static/catalog_images/m1266_d97762c0.webp,CAMO PUFF-BALL,M1266,$6.50,none,Bowling Essentials,Grip Aids,https://assets.1.commercebuild.com/d186dcd2044cf54d8e48876defef4907/contents/M1266/thumbnail/middle_Master_Camo_Puff_Ball.png
https://www.stormbowling.com/products/bowling-essentials/grip-aids/,https://www.stormbowling.com/master-giant-puff-ball-camo,static/catalog_images/m1266l_8a488e91.webp,CAMO GIANT PUFF-BALL,M1266L,$8.00,none,Bowling Essentials,Grip Aids,https://assets.1.commercebuild.com/d186dcd2044cf54d8e48876defef4907/contents/M1266L/thumbnail/middle_Master_giant_Camo_Puff_Ball.png
https://www.stormbowling.com/products/bowling-essentials/grip-aids/,https://www.stormbowling.com/master-non-slip-grip-cream,static/catalog_images/m1142_2265ab64.webp,MASTER NON-SLIP GRIP CREAM,M1142,$4.00,none,Bowling Essentials,Grip Aids,https://assets.1.commercebuild.com/d186dcd2044cf54d8e48876defef4907/contents/M1142/thumbnail/middle_M1142.png
https://www.stormbowling.com/products/bowling-essentials/grip-aids/,https://www.stormbowling.com/master-slide,static/catalog_images/m1135m_64c4a67a.webp,MASTER SLIDE,M1135M,$2.75,none,Bowling Essentials,Grip Aids,https://assets.1.commercebuild.com/d186dcd2044cf54d8e48876defef4907/contents/M1135M/thumbnail/middle_M1135M.png
https://www.stormbowling.com/products/bowling-essentials/grip-aids/,https://www.stormbowling.com/master-hand-conditioner,static/catalog_images/m1162_fcd9b4ab.webp,HAND CONDITIONER,M1162,$3.75,none,Bowling Essentials,Grip Aids,https://assets.1.commercebuild.com/d186dcd2044cf54d8e48876defef4907/contents/M1162/thumbnail/middle_M162_Hand_Conditioner_single.png
https://www.stormbowling.com/products/bowling-essentials/grip-aids/,https://www.stormbowling.com/master-rosin-pak,static/catalog_images/m1160_c4d4a06d.webp,ROSIN BAG,M1160,$3.00,none,Bowling Essentials,Grip Aids,https://assets.1.commercebuild.com/d186dcd2044cf54d8e48876defef4907/contents/M1160/thumbnail/middle_M1160.png
https://www.stormbowling.com/products/bowling-essentials/grip-aids/,https://www.stormbowling.com/master-giant-rosin-bag,static/catalog_images/m1163_5c8ebf9d.webp,MASTER GIANT ROSIN BAG EACH,M1163,$6.00,none,Bowling Essentials,Grip Aids,https://assets.1.commercebuild.com/d186dcd2044cf54d8e48876defef4907/contents/M1163/thumbnail/middle_163_2000.png
https://www.stormbowling.com/products/bowling-essentials/grip-aids/,https://www.stormbowling.com/master-skin-patch,static/catalog_images/m1154_a8c29de1.webp,SKIN PATCH-EACH,M1154,$3.95,none,Bowling Essentials,Grip Aids,https://assets.1.commercebuild.com/d186dcd2044cf54d8e48876defef4907/contents/M1154/thumbnail/middle_skin_patch.png
https://www.stormbowling.com/products/bowling-essentials/grip-aids/,https://www.stormbowling.com/master-giant-skin-patch,static/catalog_images/m154gs_c5a8854a.webp,SKIN PATCH - GIANT SIZE EACH,M154GS,$5.00,none,Bowling Essentials,Grip Aids,https://assets.1.commercebuild.com/d186dcd2044cf54d8e48876defef4907/contents/M154GS/thumbnail/middle_M154GS.png
https://www.stormbowling.com/products/bowling-essentials/grip-aids/,https://www.stormbowling.com/master-patches-100-ct-neon-green,static/catalog_images/m154pg_2d2b723d.webp,NEON GREEN PATCHES-(PACK OF 100),M154PG,$4.00,none,Bowling Essentials,Grip Aids,https://assets.1.commercebuild.com/d186dcd2044cf54d8e48876defef4907/contents/M154PG/thumbnail/middle_neon_patches_cutout.png
https://www.stormbowling.com/products/bowling-essentials/pro-shop-supplies/,https://www.stormbowling.com/abralon-pad-6-in,static/catalog_images/gripdisc_7d7b6a01.webp,6\\\,GRIPDISC,$2.89,none,Bowling Essentials,Pro Shop Supplies,https://assets.1.commercebuild.com/d186dcd2044cf54d8e48876defef4907/contents/GRIPDISC/thumbnail/big_A-Pads-Z.png
https://www.stormbowling.com/products/bowling-essentials/pro-shop-supplies/,https://www.stormbowling.com/storm-deluxe-ball-cup,static/catalog_images/acdlxbcst_f7124be4.webp,DELUXE BALL CUP,ACDLXBCST,$4.40,none,Bowling Essentials,Pro Shop Supplies,https://assets.1.commercebuild.com/d186dcd2044cf54d8e48876defef4907/contents/ACDLXBCST/thumbnail/big_ACDLXBCSTBK@2.png
https://www.stormbowling.com/products/bowling-essentials/pro-shop-supplies/,https://www.stormbowling.com/roto-grip-deluxe-ball-cup-red,static/catalog_images/acdlxbcrgrd_4eba4d9a.webp,DELUXE BALL CUP ROTO GRIP RED,ACDLXBCRGRD,$4.40,none,Bowling Essentials,Pro Shop Supplies,https://assets.1.commercebuild.com/d186dcd2044cf54d8e48876defef4907/contents/ACDLXBCRGRD/thumbnail/big_ACDLXBCRGRD@2.png
https://www.stormbowling.com/products/bowling-essentials/pro-shop-supplies/,https://www.stormbowling.com/900-global-deluxe-ball-cup-black,static/catalog_images/acdlxbcglbk_c4c166c8.webp,900 GLOBAL DELUXE BALL CUP BLACK,ACDLXBCGLBK,$4.40,none,Bowling Essentials,Pro Shop Supplies,https://assets.1.commercebuild.com/d186dcd2044cf54d8e48876defef4907/contents/ACDLXBCGLBK/thumbnail/big_ACDLXBCGLBK@2.png
https://www.stormbowling.com/products/bowling-essentials/pro-shop-supplies/,https://www.stormbowling.com/storm-arc-ruler,static/catalog_images/acarc_f4a42cd9.webp,STORM ARC RULER,ACARC,$13.20,none,Bowling Essentials,Pro Shop Supplies,https://assets.1.commercebuild.com/d186dcd2044cf54d8e48876defef4907/contents/ACARC/thumbnail/middle_Arc_Ruler1(2)-Z.png
https://www.stormbowling.com/products/bowling-essentials/pro-shop-supplies/,https://www.stormbowling.com/master-surface-master,static/catalog_images/m805sm_4c04cac1.webp,SURFACE MASTER EACH,M805SM,$93.00,none,Bowling Essentials,Pro Shop Supplies,https://assets.1.commercebuild.com/d186dcd2044cf54d8e48876defef4907/contents/M805SM/thumbnail/middle_M805SM.png
https://www.stormbowling.com/products/bowling-essentials/pro-shop-supplies/,https://www.stormbowling.com/storm-pro-shop-pencil,static/catalog_images/pro_shop_pencil_41479769.webp,PRO SHOP PENCIL,PRO_SHOP_PENCIL,$1.25,none,Bowling Essentials,Pro Shop Supplies,https://assets.1.commercebuild.com/d186dcd2044cf54d8e48876defef4907/contents/PRO_SHOP_PENCIL/thumbnail/middle_Storm_Pencil.png
https://www.stormbowling.com/products/bowling-essentials/pro-shop-supplies/,https://www.stormbowling.com/storm-drill-spec-pad,static/catalog_images/drillspec_20f241fe.webp,DRILL SPEC PAD,DRILLSPEC,$2.22,none,Bowling Essentials,Pro Shop Supplies,https://assets.1.commercebuild.com/d186dcd2044cf54d8e48876defef4907/contents/DRILLSPEC/thumbnail/middle_DRILLSPEC@2.png
https://www.stormbowling.com/products/bowling-essentials/pro-shop-supplies/,https://www.stormbowling.com/master-microfiber-polishing-bonnet,static/catalog_images/m805b_a5bedbe4.webp,MICROFIBER POLISHING BONNET,M805B,$9.00,none,Bowling Essentials,Pro Shop Supplies,https://assets.1.commercebuild.com/d186dcd2044cf54d8e48876defef4907/contents/M805B/thumbnail/middle_M805B.png
https://www.stormbowling.com/products/bowling-essentials/pro-shop-supplies/,https://www.stormbowling.com/master-revolver-ball-ring,static/catalog_images/m805r_6db87075.webp,REVOLVER BALL RING,M805R,$42.00,none,Bowling Essentials,Pro Shop Supplies,https://assets.1.commercebuild.com/d186dcd2044cf54d8e48876defef4907/contents/M805R/thumbnail/middle_M805R.png
https://www.stormbowling.com/products/bowling-essentials/pro-shop-supplies/,https://www.stormbowling.com/master-surface-master-cup-with-knob,static/catalog_images/m805c_e8f1e8c3.webp,SURFACE MASTER CUP WITH KNOB,M805C,$41.00,none,Bowling Essentials,Pro Shop Supplies,https://assets.1.commercebuild.com/d186dcd2044cf54d8e48876defef4907/contents/M805C/thumbnail/middle_M805C.png
https://www.stormbowling.com/products/bowling-essentials/pro-shop-supplies/,https://www.stormbowling.com/storm-reamer-1-38,static/catalog_images/ac801_e3c248c4.webp,STORM REAMER,AC801,$169.95,none,Bowling Essentials,Pro Shop Supplies,https://assets.1.commercebuild.com/d186dcd2044cf54d8e48876defef4907/contents/AC801/thumbnail/middle_AC801@2.png
https://www.stormbowling.com/products/bowling-essentials/pro-shop-supplies/,https://www.stormbowling.com/storm-reamer-replacement-blade-1-38,static/catalog_images/ac801b_91532abf.webp,STORM REAMER REPLACEMENT BLADE,AC801B,$39.95,none,Bowling Essentials,Pro Shop Supplies,https://assets.1.commercebuild.com/d186dcd2044cf54d8e48876defef4907/contents/AC801B/thumbnail/middle_AC801B@2.png
https://www.stormbowling.com/products/bowling-essentials/pro-shop-supplies/,https://www.stormbowling.com/master-bevel-sander,static/catalog_images/m777_7aa2891e.webp,BEVEL SANDER,M777,$174.90,none,Bowling Essentials,Pro Shop Supplies,https://assets.1.commercebuild.com/d186dcd2044cf54d8e48876defef4907/contents/M777/thumbnail/middle_M777.png
https://www.stormbowling.com/products/bowling-essentials/pro-shop-supplies/,https://www.stormbowling.com/products/bowling-essentials/pro-shop-supplies/m795-sand-disc-circle-150-package-of-100,static/catalog_images/m795_5cb001d8.webp,SAND DISC CIRCLE 1.50\\\,M795,$20.00,none,Bowling Essentials,Pro Shop Supplies,https://assets.1.commercebuild.com/d186dcd2044cf54d8e48876defef4907/contents/M795/thumbnail/middle_M795.png
https://www.stormbowling.com/products/bowling-essentials/pro-shop-supplies/,https://www.stormbowling.com/master-adhesive-remover,static/catalog_images/m212_26c66159.webp,ADHESIVE REMOVER,M212,$7.50,none,Bowling Essentials,Pro Shop Supplies,https://assets.1.commercebuild.com/d186dcd2044cf54d8e48876defef4907/contents/M212/thumbnail/middle_M212.png
https://www.stormbowling.com/products/bowling-essentials/pro-shop-supplies/,https://www.stormbowling.com/master-bevel-knife,static/catalog_images/m776_ba639fa1.webp,BEVEL KNIFE,M776,$15.00,none,Bowling Essentials,Pro Shop Supplies,https://assets.1.commercebuild.com/d186dcd2044cf54d8e48876defef4907/contents/M776/thumbnail/middle_M776.png
https://www.stormbowling.com/products/bowling-essentials/pro-shop-supplies/,https://www.stormbowling.com/master-perfect-fit-tool,static/catalog_images/m783_9257b96c.webp,PERFECT FIT TOOL,M783,$37.00,none,Bowling Essentials,Pro Shop Supplies,https://assets.1.commercebuild.com/d186dcd2044cf54d8e48876defef4907/contents/M783/thumbnail/middle_M783.png
https://www.stormbowling.com/products/bowling-essentials/pro-shop-supplies/,https://www.stormbowling.com/products/bowling-essentials/pro-shop-supplies/m509c-master-rental-shoe-cleaner-dozen,,Master Rental Shoe Cleaner (12 Pack),M509C,$84.50,none,Bowling Essentials,Pro Shop Supplies,
https://www.stormbowling.com/products/bowling-essentials/pro-shop-supplies/,https://www.stormbowling.com/master-kwik-dam,static/catalog_images/m725_0a01aef7.webp,KWIK-DAM,M725,$23.00,none,Bowling Essentials,Pro Shop Supplies,https://assets.1.commercebuild.com/d186dcd2044cf54d8e48876defef4907/contents/M725/thumbnail/middle_M725_-_Kwik_Dam.png
https://www.stormbowling.com/products/bowling-essentials/pro-shop-supplies/,https://www.stormbowling.com/master-super-bond-1-oz,static/catalog_images/m211_03399e99.webp,Super Bond Adhesive – 1 oz Bottle,M211,$7.00,none,Bowling Essentials,Pro Shop Supplies,https://assets.1.commercebuild.com/d186dcd2044cf54d8e48876defef4907/contents/M211/thumbnail/middle_M211.png
https://www.stormbowling.com/products/bowling-essentials/pro-shop-supplies/,https://www.stormbowling.com/products/bowling-essentials/pro-shop-supplies/m771-stir-sticks-500-per-package,static/catalog_images/m771_47727acb.webp,STIR STICKS (500 PER PACKAGE),M771,$7.00,none,Bowling Essentials,Pro Shop Supplies,https://assets.1.commercebuild.com/d186dcd2044cf54d8e48876defef4907/contents/M771/thumbnail/middle_M771.png
https://www.stormbowling.com/products/bowling-essentials/pro-shop-supplies/,https://www.stormbowling.com/master-speed-plug-kit,static/catalog_images/m846_cf9cbf5f.webp,SPEED-PLUG™ KIT,M846,$140.80,none,Bowling Essentials,Pro Shop Supplies,https://assets.1.commercebuild.com/d186dcd2044cf54d8e48876defef4907/contents/M846/thumbnail/middle_M846@1.png
https://www.stormbowling.com/products/bowling-essentials/pro-shop-supplies/,https://www.stormbowling.com/master-speed-plug-quart,static/catalog_images/m846_quart_cfaecd8b.webp,SPEED-PLUG™ QUART,M846-QUART,$31.90,none,Bowling Essentials,Pro Shop Supplies,https://assets.1.commercebuild.com/d186dcd2044cf54d8e48876defef4907/contents/M846-QUART/thumbnail/middle_M846-QUART.png
https://www.stormbowling.com/products/bowling-essentials/supports-gloves/,https://www.stormbowling.com/storm-c4-bowling-wrist-brace,static/catalog_images/c4_glove_52146c6d.webp,C4 WRIST BRACE,C4_GLOVE,$82.50,none,Bowling Essentials,Supports Gloves,https://assets.1.commercebuild.com/d186dcd2044cf54d8e48876defef4907/contents/C4_GLOVE/thumbnail/big_Gradient_Map_1_copy11@1x_1-1.png
https://www.stormbowling.com/products/bowling-essentials/supports-gloves/,https://www.stormbowling.com/storm-c2-bowling-wrist-brace,static/catalog_images/c2_glove_01954eaf.webp,C2 WRIST BRACE,C2_GLOVE,$44.00,none,Bowling Essentials,Supports Gloves,https://assets.1.commercebuild.com/d186dcd2044cf54d8e48876defef4907/contents/C2_GLOVE/thumbnail/big_Storm_C2_(2)-Z.png
https://www.stormbowling.com/products/bowling-essentials/supports-gloves/,https://www.stormbowling.com/storm-c1-bowling-wrist-brace,static/catalog_images/acc1_5ff02014.webp,C1 WRIST BRACE,ACC1,$28.60,none,Bowling Essentials,Supports Gloves,https://assets.1.commercebuild.com/d186dcd2044cf54d8e48876defef4907/contents/ACC1/thumbnail/big_Storm_C1_Web_fnl_(2)-Z.png
https://www.stormbowling.com/products/bowling-essentials/supports-gloves/,https://www.stormbowling.com/storm-power-glove-throttle,static/catalog_images/acpgth_40df655e.webp,Storm Power Glove Throttle,ACPGTH,$15.00,none,Bowling Essentials,Supports Gloves,https://assets.1.commercebuild.com/d186dcd2044cf54d8e48876defef4907/contents/ACPGTH/thumbnail/big_ACPGTH.png
https://www.stormbowling.com/products/bowling-essentials/supports-gloves/,https://www.stormbowling.com/storm-power-plus-bowling-glove,static/catalog_images/power_glove_plus_22fd8e55.webp,POWER PLUS GLOVE,POWER_GLOVE_PLUS,$19.59,none,Bowling Essentials,Supports Gloves,https://assets.1.commercebuild.com/d186dcd2044cf54d8e48876defef4907/contents/POWER_GLOVE_PLUS/thumbnail/middle_Storm_Power_Plus_1_(2)-Z.png
https://www.stormbowling.com/products/bowling-essentials/supports-gloves/,https://www.stormbowling.com/storm-power-bowling-glove,static/catalog_images/power_glove_d58c97d4.webp,POWER GLOVE,POWER_GLOVE,$13.00,none,Bowling Essentials,Supports Gloves,https://assets.1.commercebuild.com/d186dcd2044cf54d8e48876defef4907/contents/POWER_GLOVE/thumbnail/middle_Storm_Power_Glove_1_(2)-Z.png
https://www.stormbowling.com/products/bowling-essentials/supports-gloves/,https://www.stormbowling.com/storm-forecast-bowling-wrist-support,static/catalog_images/ac160blkfc_68b7bb39.webp,FORECAST WRIST SUPPORT,AC160BLKFC,$14.95,none,Bowling Essentials,Supports Gloves,https://assets.1.commercebuild.com/d186dcd2044cf54d8e48876defef4907/contents/AC160BLKFC/thumbnail/middle_AC160BLKFC@2.png
https://www.stormbowling.com/products/bowling-essentials/supports-gloves/,https://www.stormbowling.com/storm-sportcast-ii-bowling-wrist-support,static/catalog_images/ac167blksc_441d9465.webp,SPORTCAST II WRIST SUPPORT,AC167BLKSC,$13.65,none,Bowling Essentials,Supports Gloves,https://assets.1.commercebuild.com/d186dcd2044cf54d8e48876defef4907/contents/AC167BLKSC/thumbnail/middle_sportcast_(2)-Z.png
https://www.stormbowling.com/products/bowling-essentials/supports-gloves/,https://www.stormbowling.com/storm-xtra-hook-bowling-glove,static/catalog_images/xtra_hook_d7e483ec.webp,XTRA-HOOK,XTRA_HOOK,$20.74,none,Bowling Essentials,Supports Gloves,https://assets.1.commercebuild.com/d186dcd2044cf54d8e48876defef4907/contents/XTRA_HOOK/thumbnail/middle_XtraHook_outside-Z.png
https://www.stormbowling.com/products/bowling-essentials/supports-gloves/,https://www.stormbowling.com/storm-xtra-roll-bowling-glove,static/catalog_images/xtra_roll_3550dfb5.webp,XTRA-ROLL,XTRA_ROLL,$20.74,none,Bowling Essentials,Supports Gloves,https://assets.1.commercebuild.com/d186dcd2044cf54d8e48876defef4907/contents/XTRA_ROLL/thumbnail/middle_XtraRoll-outside-Z.png
https://www.stormbowling.com/products/bowling-essentials/supports-gloves/,https://www.stormbowling.com/storm-neoprene-bowling-wrist-liner,static/catalog_images/wrist_liner_772e5bbb.webp,WRIST LINER,WRIST_LINER,$2.63,none,Bowling Essentials,Supports Gloves,https://assets.1.commercebuild.com/d186dcd2044cf54d8e48876defef4907/contents/WRIST_LINER/thumbnail/middle_WristLiners_K-Z.png
https://www.stormbowling.com/products/bowling-essentials/supports-gloves/,https://www.stormbowling.com/storm-xtra-grip-plus-bowling-glove,static/catalog_images/xtra_grip_plus_275cb06d.webp,XTRA-GRIP PLUS,XTRA_GRIP_PLUS,$14.63,none,Bowling Essentials,Supports Gloves,https://assets.1.commercebuild.com/d186dcd2044cf54d8e48876defef4907/contents/XTRA_GRIP_PLUS/thumbnail/middle_XtraGripPlus_K-Z.png
https://www.stormbowling.com/products/bowling-essentials/supports-gloves/,https://www.stormbowling.com/storm-xtra-grip-bowling-glove,static/catalog_images/xtra_grip_b44a288c.webp,XTRA-GRIP,XTRA_GRIP,$13.00,none,Bowling Essentials,Supports Gloves,https://assets.1.commercebuild.com/d186dcd2044cf54d8e48876defef4907/contents/XTRA_GRIP/thumbnail/middle_XtraGrip_KO-Z.png
https://www.stormbowling.com/products/bowling-essentials/supports-gloves/,https://www.stormbowling.com/storm-neoprene-bowling-wrist-support,static/catalog_images/ac670_wrist_support_4aa2582c.webp,NEOPRENE WRIST SUPPORT,AC670_WRIST_SUPPORT,$6.99,none,Bowling Essentials,Supports Gloves,https://assets.1.commercebuild.com/d186dcd2044cf54d8e48876defef4907/contents/AC670_WRIST_SUPPORT/thumbnail/middle_Wrist_Support-Z.PNG
https://www.stormbowling.com/products/bowling-essentials/supports-gloves/,https://www.stormbowling.com/storm-neoprene-bowling-forearm-support,static/catalog_images/ac675_f90c0df8.webp,NEOPRENE FOREARM SUPPORT,AC675,$6.99,none,Bowling Essentials,Supports Gloves,https://assets.1.commercebuild.com/d186dcd2044cf54d8e48876defef4907/contents/AC675/thumbnail/middle_AC675@2.jpg
https://www.stormbowling.com/products/bowling-essentials/supports-gloves/,https://www.stormbowling.com/storm-c2-palm-strap,static/catalog_images/acc2_ps_2e4c30ee.webp,C2 PALM STRAP,ACC2_PS,$4.00,none,Bowling Essentials,Supports Gloves,https://assets.1.commercebuild.com/d186dcd2044cf54d8e48876defef4907/contents/ACC2_PS/thumbnail/middle_Storm_C2Palm_(2)-Z.png
https://www.stormbowling.com/products/bowling-essentials/supports-gloves/,https://www.stormbowling.com/storm-strap-latch-for-c2-c4,static/catalog_images/acrc2l1_9e5d0153.webp,STRAP LATCH FOR C2 AND C4,ACRC2L1,$4.00,none,Bowling Essentials,Supports Gloves,https://assets.1.commercebuild.com/d186dcd2044cf54d8e48876defef4907/contents/ACRC2L1/thumbnail/middle_Storm_Clip_(2)-Z.png
https://www.stormbowling.com/products/bowling-essentials/supports-gloves/,https://www.stormbowling.com/storm-c4-palm-strap,static/catalog_images/acrc4_palm_strap_5ae10117.webp,C4 PALM STRAP,ACRC4_PALM_STRAP,$5.00,none,Bowling Essentials,Supports Gloves,https://assets.1.commercebuild.com/d186dcd2044cf54d8e48876defef4907/contents/ACRC4_PALM_STRAP/thumbnail/middle_Storm_C4Palm_(2)-Z.png
https://www.stormbowling.com/products/bowling-essentials/supports-gloves/,https://www.stormbowling.com/storm-c2-c4-wrist-strap,static/catalog_images/c2_c4_wriststrap_a89a5dda.webp,C2/C4 WRIST STRAP,C2-C4_WRISTSTRAP,$5.00,none,Bowling Essentials,Supports Gloves,https://assets.1.commercebuild.com/d186dcd2044cf54d8e48876defef4907/contents/C2-C4_WRISTSTRAP/thumbnail/middle_Storm_WristStrap_(2)-Z.png
https://www.stormbowling.com/products/bowling-essentials/supports-gloves/,https://www.stormbowling.com/storm-c4-back-hand-pad,static/catalog_images/c4_hand_pad_3029e3bf.webp,C4 BACK HAND PAD,C4_HAND_PAD,$10.00,none,Bowling Essentials,Supports Gloves,https://assets.1.commercebuild.com/d186dcd2044cf54d8e48876defef4907/contents/C4_HAND_PAD/thumbnail/middle_Storm_Hand_Pad_(2)-Z.png
https://www.stormbowling.com/products/bowling-essentials/supports-gloves/,https://www.stormbowling.com/storm-c4-back-wrist-pad,static/catalog_images/c4_wrist_pad_f464fac2.webp,C4 BACK WRIST PAD,C4_WRIST_PAD,$10.00,none,Bowling Essentials,Supports Gloves,https://assets.1.commercebuild.com/d186dcd2044cf54d8e48876defef4907/contents/C4_WRIST_PAD/thumbnail/middle_Storm_WristPad_(2)-Z.png
https://www.stormbowling.com/products/bowling-essentials/supports-gloves/,https://www.stormbowling.com/master-wrist-master-ii,static/catalog_images/m44_e88482c0.webp,WRIST MASTER II,M44,$16.00,none,Bowling Essentials,Supports Gloves,https://assets.1.commercebuild.com/d186dcd2044cf54d8e48876defef4907/contents/M44/thumbnail/middle_M44_WristMaster_II_Black-Z.png
https://www.stormbowling.com/products/bowling-essentials/supports-gloves/,https://www.stormbowling.com/master-ladies-wrist-master-ii,static/catalog_images/m45_43a47dd3.webp,LADIES WRIST MASTER II,M45,$16.00,none,Bowling Essentials,Supports Gloves,https://assets.1.commercebuild.com/d186dcd2044cf54d8e48876defef4907/contents/m45/thumbnail/middle_M45_Ladies_Wristmaster_II_Purple_(2)-Z.png
https://www.stormbowling.com/products/bowling-essentials/supports-gloves/,https://www.stormbowling.com/master-bowling-glove,static/catalog_images/m47_923ff932.webp,MASTER BOWLING GLOVE,M47,$15.00,none,Bowling Essentials,Supports Gloves,https://assets.1.commercebuild.com/d186dcd2044cf54d8e48876defef4907/contents/M47/thumbnail/middle_M47_Master_Bowling_Glove_(2)-Z.png
https://www.stormbowling.com/products/bowling-essentials/tape/,https://www.stormbowling.com/master-white-thumb-tape,static/catalog_images/white_thumb_tape_6be2958c.webp,WHITE THUMB TAPE,WHITE_THUMB_TAPE,$30.06,none,Bowling Essentials,Tape,https://assets.1.commercebuild.com/d186dcd2044cf54d8e48876defef4907/contents/WHITE_THUMB_TAPE/thumbnail/big_tape_w_(2)-Z.png
https://www.stormbowling.com/products/bowling-essentials/tape/,https://www.stormbowling.com/master-black-thumb-tape,static/catalog_images/blktape_50ce0e95.webp,BLACK THUMB TAPE,BLKTAPE,$33.69,none,Bowling Essentials,Tape,https://assets.1.commercebuild.com/d186dcd2044cf54d8e48876defef4907/contents/BLKTAPE/thumbnail/big_tape_k(2)-Z.PNG
https://www.stormbowling.com/products/bowling-essentials/tape/,https://www.stormbowling.com/master-silver-tape,static/catalog_images/silver_tape_fa4318f0.webp,SILVER TAPE,SILVER_TAPE,$50.60,none,Bowling Essentials,Tape,https://assets.1.commercebuild.com/d186dcd2044cf54d8e48876defef4907/contents/SILVER_TAPE/thumbnail/big_Bowlers_Tape_Silver_500_Piece_Roll_(2)-Z.png
https://www.stormbowling.com/products/bowling-essentials/tape/,https://www.stormbowling.com/master-gt-tape,static/catalog_images/gt_tape_5d07b2ee.webp,GT TAPE,GT_TAPE,$12.00,none,Bowling Essentials,Tape,https://assets.1.commercebuild.com/d186dcd2044cf54d8e48876defef4907/contents/GT_TAPE/thumbnail/big_Storm_GT_Tape_Black_Wrist_(2)-Z.PNG
https://www.stormbowling.com/products/bowling-essentials/tape/,https://www.stormbowling.com/storm-max-pro-thumb-tape-fast-teal,static/catalog_images/max_pro_fast_6e4e28d6.webp,MAX PRO THUMB TAPE FAST - TEAL,MAX_PRO_FAST,$6.89,none,Bowling Essentials,Tape,https://assets.1.commercebuild.com/d186dcd2044cf54d8e48876defef4907/contents/MAX_PRO_FAST/thumbnail/middle_Storm_MaxPro_Tape_Boxes_Fast_Thumb_(2)-Z.png
https://www.stormbowling.com/products/bowling-essentials/tape/,https://www.stormbowling.com/storm-max-pro-thumb-tape-medium-blue,static/catalog_images/max_pro_medium_e4046b6b.webp,MAX PRO THUMB TAPE MEDIUM - BLUE,MAX_PRO_MEDIUM,$6.89,none,Bowling Essentials,Tape,https://assets.1.commercebuild.com/d186dcd2044cf54d8e48876defef4907/contents/MAX_PRO_MEDIUM/thumbnail/middle_Storm_MaxPro_Tape_Boxes_Md_Thumb_(2)-Z.png
https://www.stormbowling.com/products/bowling-essentials/tape/,https://www.stormbowling.com/storm-max-pro-thumb-tape-slow-red,static/catalog_images/max_pro_slow_d6c4ee55.webp,MAX PRO THUMB TAPE SLOW - RED,MAX_PRO_SLOW,$6.89,none,Bowling Essentials,Tape,https://assets.1.commercebuild.com/d186dcd2044cf54d8e48876defef4907/contents/MAX_PRO_SLOW/thumbnail/middle_Storm_MaxPro_Tape_Boxes_Slow_Thumb_(2)-Z.png
https://www.stormbowling.com/products/bowling-essentials/tape/,https://www.stormbowling.com/storm-max-pro-thumb-tape-medium-roll-blue,static/catalog_images/ac811mr_430d8588.webp,MAX PRO THUMB TAPE MEDIUM ROLL,AC811MR,$8.00,none,Bowling Essentials,Tape,https://assets.1.commercebuild.com/d186dcd2044cf54d8e48876defef4907/contents/AC811MR/thumbnail/middle_AC811MR@2.png
https://www.stormbowling.com/products/bowling-essentials/tape/,https://www.stormbowling.com/storm-max-pro-finger-tape,static/catalog_images/max_pro_finger_7cb13ae9.webp,MAX PRO FINGER TAPE,MAX_PRO_FINGER,$9.01,none,Bowling Essentials,Tape,https://assets.1.commercebuild.com/d186dcd2044cf54d8e48876defef4907/contents/MAX_PRO_FINGER/thumbnail/middle_Storm_MaxPro_Tape_Boxes1_(2)-Z.png
https://www.stormbowling.com/products/bowling-essentials/tape/,https://www.stormbowling.com/master-insert-tape-tool,static/catalog_images/m1782_2644680d.webp,TAPE INSERT TOOL,M1782,$4.00,none,Bowling Essentials,Tape,https://assets.1.commercebuild.com/d186dcd2044cf54d8e48876defef4907/contents/M1782/thumbnail/middle_M1782.png
https://www.stormbowling.com/products/bowling-essentials/tape/,https://www.stormbowling.com/master-smooth-tape-black,static/catalog_images/master_tape_smooth_black_ae8ccfcc.webp,MASTER TAPE SMOOTH BLACK,MASTER_TAPE_SMOOTH_BLACK,$4.00,none,Bowling Essentials,Tape,https://assets.1.commercebuild.com/d186dcd2044cf54d8e48876defef4907/contents/MASTER_TAPE_SMOOTH_BLACK/thumbnail/middle_M2___Black_Smooth_(2)-Z.png
https://www.stormbowling.com/products/bowling-essentials/tape/,https://www.stormbowling.com/master-textured-tape-white,static/catalog_images/master_tape_white_textur_a6b0bf31.webp,MASTER TAPE WHITE TEXTURED,MASTER_TAPE_WHITE_TEXTUR,$3.50,none,Bowling Essentials,Tape,https://assets.1.commercebuild.com/d186dcd2044cf54d8e48876defef4907/contents/MASTER_TAPE_WHITE_TEXTUR/thumbnail/middle_M2___White_Texture_Tape_(2)-Z.png
https://www.stormbowling.com/products/bowling-essentials/tape/,https://www.stormbowling.com/products/bowling-essentials/tape/ac821-max-pro-grip-roll--finger,static/catalog_images/ac821_79ec7eab.webp,MAX PRO GRIP ROLL - FINGER,AC821,$9.75,none,Bowling Essentials,Tape,https://assets.1.commercebuild.com/d186dcd2044cf54d8e48876defef4907/contents/AC821/thumbnail/middle_AC821@2.png
https://www.stormbowling.com/products/bowling-essentials/tape/,https://www.stormbowling.com/products/bowling-essentials/tape/ac625-34-in-white-thumb-tape-12pk,static/catalog_images/ac625_f90c7d2c.webp,3/4 IN. WHITE THUMB TAPE 12PK,AC625,$30.06,none,Bowling Essentials,Tape,https://assets.1.commercebuild.com/d186dcd2044cf54d8e48876defef4907/contents/AC625/thumbnail/middle_AC625@2.png
https://www.stormbowling.com/products/bowling-essentials/towels/,https://www.stormbowling.com/storm-deluxe-shammy-oval-bolt-blue,static/catalog_images/ac901obblue_a08984a6.webp,STORM OVAL BOLT SHAMMY,AC901OBBLUE,$10.75,none,Bowling Essentials,Towels,https://assets.1.commercebuild.com/d186dcd2044cf54d8e48876defef4907/contents/AC901OBBLUE/thumbnail/big_Oval_Bolt_Shammy.png
https://www.stormbowling.com/products/bowling-essentials/towels/,https://www.stormbowling.com/storm-premier-shammy,static/catalog_images/ac909pr_401d1bb2.webp,STORM PREMIER SHAMMY,AC909PR,$13.00,none,Bowling Essentials,Towels,https://assets.1.commercebuild.com/d186dcd2044cf54d8e48876defef4907/contents/AC909PR/thumbnail/big_AC909PR@2.png
https://www.stormbowling.com/products/bowling-essentials/towels/,https://www.stormbowling.com/roto-grip-thickhide-shammy,static/catalog_images/acrg901th_b3c2aa99.webp,ROTO GRIP THICKHIDE SHAMMY,ACRG901TH,$8.80,none,Bowling Essentials,Towels,https://assets.1.commercebuild.com/d186dcd2044cf54d8e48876defef4907/contents/ACRG901TH/thumbnail/big_ACRG901TH.png?v=987fbb05
https://www.stormbowling.com/products/bowling-essentials/towels/,https://www.stormbowling.com/roto-grip-shammy-rg-squad,static/catalog_images/acrg909sq_b362b572.webp,SQUAD RG SHAMMY,ACRG909SQ,$13.00,none,Bowling Essentials,Towels,https://assets.1.commercebuild.com/d186dcd2044cf54d8e48876defef4907/contents/ACRG909SQ/thumbnail/big_ACRG909SQ@2.png
https://www.stormbowling.com/products/bowling-essentials/towels/,https://www.stormbowling.com/900-gobal-premier-shammy-zen,static/catalog_images/gt0504_1f8881c0.webp,900 GLOBAL PREMIER ZEN SHAMMY,GT0504,$13.00,none,Bowling Essentials,Towels,https://assets.1.commercebuild.com/d186dcd2044cf54d8e48876defef4907/contents/GT0504/thumbnail/middle_GT0504@2.png
https://www.stormbowling.com/products/bowling-essentials/towels/,https://www.stormbowling.com/storm-power-shammy-black,static/catalog_images/ac901pb_1d7760bd.webp,STORM POWER SHAMMY,AC901PB,$13.00,none,Bowling Essentials,Towels,https://assets.1.commercebuild.com/d186dcd2044cf54d8e48876defef4907/contents/AC901PB/thumbnail/middle_AC901PB@2.png
https://www.stormbowling.com/products/bowling-essentials/towels/,https://www.stormbowling.com/storm-shammy,static/catalog_images/ac901_bda9fd4e.webp,STORM SHAMMY,AC901,$10.75,none,Bowling Essentials,Towels,https://assets.1.commercebuild.com/d186dcd2044cf54d8e48876defef4907/contents/AC901/thumbnail/middle_Shammy_k-Z.png
https://www.stormbowling.com/products/bowling-essentials/towels/,https://www.stormbowling.com/storm-deluxe-shammy,static/catalog_images/ac901dlx_c8ed81a0.webp,STORM SHAMMY DELUXE,AC901DLX,$13.00,none,Bowling Essentials,Towels,https://assets.1.commercebuild.com/d186dcd2044cf54d8e48876defef4907/contents/AC901DLX/thumbnail/middle_AC901DLX@2.png
https://www.stormbowling.com/products/bowling-essentials/towels/,https://www.stormbowling.com/storm-nation-shammy,static/catalog_images/storm_nation_shammy_2d88f345.webp,STORM NATION SHAMMY,STORM_NATION_SHAMMY,$10.75,none,Bowling Essentials,Towels,https://assets.1.commercebuild.com/d186dcd2044cf54d8e48876defef4907/contents/STORM_NATION_SHAMMY/thumbnail/middle_Storm_StormNationShammy_(2)-Z.PNG
https://www.stormbowling.com/products/bowling-essentials/towels/,https://www.stormbowling.com/roto-grip-shammy-purple,static/catalog_images/rg_shammy_30b0eb8a.webp,ROTO GRIP SHAMMY,RG_SHAMMY,$10.75,none,Bowling Essentials,Towels,https://assets.1.commercebuild.com/d186dcd2044cf54d8e48876defef4907/contents/RG_SHAMMY/thumbnail/middle_RG_Shammy_2023.png
https://www.stormbowling.com/products/bowling-essentials/towels/,https://www.stormbowling.com/900-global-shammy-black,static/catalog_images/gt0502_3aacd06d.webp,900 GLOBAL SHAMMY BLACK,GT0502,$10.75,none,Bowling Essentials,Towels,https://assets.1.commercebuild.com/d186dcd2044cf54d8e48876defef4907/contents/GT0502/thumbnail/middle_Global_Shammy.png
https://www.stormbowling.com/products/bowling-essentials/towels/,https://www.stormbowling.com/storm-woven-towel,static/catalog_images/woven_towel_35b59a10.webp,STORM WOVEN TOWEL,WOVEN_TOWEL,$6.56,none,Bowling Essentials,Towels,https://assets.1.commercebuild.com/d186dcd2044cf54d8e48876defef4907/contents/WOVEN_TOWEL/thumbnail/middle_Towel_n-Z.PNG
https://www.stormbowling.com/products/bowling-essentials/towels/,https://www.stormbowling.com/products/bowling-essentials/towels/actwmftl-teal-microfiber-towel,static/catalog_images/actwmftl_dc1c7cba.webp,TEAL MICROFIBER TOWEL,ACTWMFTL,$1.67,none,Bowling Essentials,Towels,https://assets.1.commercebuild.com/d186dcd2044cf54d8e48876defef4907/contents/ACTWMFTL/thumbnail/middle_ACTWMFTL.jpg
https://www.stormbowling.com/products/bowling-essentials/towels/,https://www.stormbowling.com/roto-grip-woven-towel-black-red,static/catalog_images/actwlrg_2e42269e.webp,ROTO GRIP PLAYERS TOWEL,ACTWLRG,$8.80,none,Bowling Essentials,Towels,https://assets.1.commercebuild.com/d186dcd2044cf54d8e48876defef4907/contents/ACTWLRG/thumbnail/middle_ACTWLRG@2.png
https://www.stormbowling.com/products/bowling-essentials/towels/,https://www.stormbowling.com/master-nfl-team-towels,static/catalog_images/m385c_0338db3b.webp,NFL TEAM TOWELS,M385C,$11.00,none,Bowling Essentials,Towels,https://assets.1.commercebuild.com/d186dcd2044cf54d8e48876defef4907/contents/M385C/thumbnail/middle_M385C.png
https://www.stormbowling.com/products/bowling-essentials/towels/,https://www.stormbowling.com/master-mlb-team-towels,static/catalog_images/m386c_cd7ff126.webp,MLB TEAM TOWELS,M386C,$11.00,none,Bowling Essentials,Towels,https://assets.1.commercebuild.com/d186dcd2044cf54d8e48876defef4907/contents/M386C/thumbnail/middle_M386C.png
https://www.stormbowling.com/products/bowling-essentials/towels/,https://www.stormbowling.com/storm-cotton-seesaw-towel-white,static/catalog_images/actwctss_eeac1ca8.webp,STORM COTTON SEESAW TOWEL WHITE,ACTWCTSS,$4.57,none,Bowling Essentials,Towels,https://assets.1.commercebuild.com/d186dcd2044cf54d8e48876defef4907/contents/ACTWCTSS/thumbnail/middle_seesaw_towel-Z.PNG
https://www.stormbowling.com/products/bowling-essentials/towels/,https://www.stormbowling.com/storm-deluxe-seesaw-towel-black-teal,static/catalog_images/actwvlssbt_2f7a645a.webp,DELUXE SEE-SAW (BLACK-TEAL),ACTWVLSSBT,$6.00,none,Bowling Essentials,Towels,https://assets.1.commercebuild.com/d186dcd2044cf54d8e48876defef4907/contents/ACTWVLSSBT/thumbnail/middle_ACTWVLSSBT@2.png
https://www.stormbowling.com/products/bowling-essentials/towels/,https://www.stormbowling.com/storm-cotton-seesaw-towel-black-white,static/catalog_images/actwvlssbw_1778f522.webp,STORM COTTON SEESAW BLACK/WHITE,ACTWVLSSBW,$4.57,none,Bowling Essentials,Towels,https://assets.1.commercebuild.com/d186dcd2044cf54d8e48876defef4907/contents/ACTWVLSSBW/thumbnail/middle_ACTWVLSSBW@2.png
https://www.stormbowling.com/products/bowling-essentials/towels/,https://www.stormbowling.com/roto-grip-mega-microfiber-seesaw-towel,static/catalog_images/actwmfr_0c6cf492.webp,ROTO GRIP MEGA MICROFIBER SEE-SAW,ACTWMFR,$7.50,none,Bowling Essentials,Towels,https://assets.1.commercebuild.com/d186dcd2044cf54d8e48876defef4907/contents/ACTWMFR/thumbnail/middle_ACTWMFR@2.png
https://www.stormbowling.com/products/bowling-essentials/towels/,https://www.stormbowling.com/900-global-seesaw-towel,static/catalog_images/ga1100_183b60f2.webp,900 GLOBAL SEE-SAW TOWEL,GA1100,$6.25,none,Bowling Essentials,Towels,https://assets.1.commercebuild.com/d186dcd2044cf54d8e48876defef4907/contents/GA1100/thumbnail/middle_GA1100@2.png
https://www.stormbowling.com/products/bowling-essentials/towels/,https://www.stormbowling.com/master-buff-a-ball,static/catalog_images/m1149_498f3929.webp,BUFF-A-BALL,M1149,$6.00,none,Bowling Essentials,Towels,https://assets.1.commercebuild.com/d186dcd2044cf54d8e48876defef4907/contents/M1149/thumbnail/middle_M1149.png
https://www.stormbowling.com/products/bowling-essentials/towels/,https://www.stormbowling.com/master-buff-a-ball-black,static/catalog_images/m1149_blk_bc70ef58.webp,BUFF-A-BALL,M1149.BLK,$7.50,none,Bowling Essentials,Towels,https://assets.1.commercebuild.com/d186dcd2044cf54d8e48876defef4907/contents/M1149BLK/thumbnail/middle_M1149_BLK.png
https://www.stormbowling.com/products/equipment/bowling-bags/,https://www.stormbowling.com/storm-rolling-thunder-6-ball-roller-bag-steel-blue-black,static/catalog_images/67139_31f5132e.webp,6-BALL ROLLING THUNDER (STEEL BLUE-BLACK),67139,$344.00,none,Equipment,Bowling Bags,https://assets.1.commercebuild.com/d186dcd2044cf54d8e48876defef4907/contents/67139/thumbnail/big_St_6b_roller_Electric_Blue.png
https://www.stormbowling.com/products/equipment/bowling-bags/,https://www.stormbowling.com/storm-rolling-thunder-6-ball-roller-bag-abstract-purple,static/catalog_images/67138_07e8ee23.webp,6-BALL ROLLING THUNDER (ABSTRACT PURPLE-BLACK),67138,$344.00,none,Equipment,Bowling Bags,https://assets.1.commercebuild.com/d186dcd2044cf54d8e48876defef4907/contents/67138/thumbnail/big_St_6b_roller_Abstract_Purple.png
https://www.stormbowling.com/products/equipment/bowling-bags/,https://www.stormbowling.com/storm-rolling-thunder-4-ball-roller-bag-blue-black,static/catalog_images/47139_a2de4a33.webp,4-BALL ROLLING THUNDER (STEEL BLUE-BLACK),47139,$257.00,none,Equipment,Bowling Bags,https://assets.1.commercebuild.com/d186dcd2044cf54d8e48876defef4907/contents/47139/thumbnail/big_St_4b_roller_Electric_Blue.png
https://www.stormbowling.com/products/equipment/bowling-bags/,https://www.stormbowling.com/storm-rolling-thunder-4-ball-roller-bag-abstract-purple,static/catalog_images/47138_69fb852b.webp,4-BALL ROLLING THUNDER (ABSTRACT PURPLE-BLACK),47138,$257.00,none,Equipment,Bowling Bags,https://assets.1.commercebuild.com/d186dcd2044cf54d8e48876defef4907/contents/47138/thumbnail/big_St_4b_roller_Abstract_Purple.png
https://www.stormbowling.com/products/equipment/bowling-bags/,https://www.stormbowling.com/storm-rolling-thunder-3-ball-signature-bag-white-blue,static/catalog_images/37135_f7e96665.webp,3-BALL ROLLING THUNDER SIGNATURE (4-WHEEL EDITION),37135,$208.00,none,Equipment,Bowling Bags,https://assets.1.commercebuild.com/d186dcd2044cf54d8e48876defef4907/contents/37135/thumbnail/middle_37135@2.png
https://www.stormbowling.com/products/equipment/bowling-bags/,https://www.stormbowling.com/storm-rolling-thunder-3-ball-signature-bag-steel-blue-black,static/catalog_images/37139_9555919f.webp,3-BALL ROLLING THUNDER (STEEL BLUE-BLACK),37139,$169.00,none,Equipment,Bowling Bags,https://assets.1.commercebuild.com/d186dcd2044cf54d8e48876defef4907/contents/37139/thumbnail/middle_St_3b_roller_Electric_Blue.png
https://www.stormbowling.com/products/equipment/bowling-bags/,https://www.stormbowling.com/storm-rolling-thunder-3-ball-abstract-bag-purple-black,static/catalog_images/37138_cb24b546.webp,3-BALL ROLLING THUNDER (ABSTRACT PURPLE-BLACK),37138,$169.00,none,Equipment,Bowling Bags,https://assets.1.commercebuild.com/d186dcd2044cf54d8e48876defef4907/contents/37138/thumbnail/middle_St_3b_roller_Abstract_Purple.png
https://www.stormbowling.com/products/equipment/bowling-bags/,https://www.stormbowling.com/storm-3-ball-streamline-navy-gray,static/catalog_images/3040_67e3bc10.webp,3-Ball Streamline Bowling Bag (Navy/Gray),3040,OUT_OF_STOCK,none,Equipment,Bowling Bags,https://assets.1.commercebuild.com/d186dcd2044cf54d8e48876defef4907/contents/3040/thumbnail/middle_3040@1.png
https://www.stormbowling.com/products/equipment/bowling-bags/,https://www.stormbowling.com/storm-3-ball-streamline-black-red,static/catalog_images/3041_9be66ddd.webp,3-Ball Streamline Bowling Bag (Black/Red),3041,OUT_OF_STOCK,none,Equipment,Bowling Bags,https://assets.1.commercebuild.com/d186dcd2044cf54d8e48876defef4907/contents/3041/thumbnail/middle_3041@1.png
https://www.stormbowling.com/products/equipment/bowling-bags/,https://www.stormbowling.com/storm-3-ball-streamline-teal-gray,static/catalog_images/3042_5cc66efa.webp,3-Ball Streamline Bowling Bag (Teal/Gray),3042,OUT_OF_STOCK,none,Equipment,Bowling Bags,https://assets.1.commercebuild.com/d186dcd2044cf54d8e48876defef4907/contents/3042/thumbnail/middle_3042@1.png
https://www.stormbowling.com/products/equipment/bowling-bags/,https://www.stormbowling.com/storm-3-ball-streamline-black-aqua,static/catalog_images/3043_a6c0c5ee.webp,3-Ball Streamline Bowling Bag (Black/Aqua),3043,OUT_OF_STOCK,none,Equipment,Bowling Bags,https://assets.1.commercebuild.com/d186dcd2044cf54d8e48876defef4907/contents/3043/thumbnail/middle_3043@1.png
https://www.stormbowling.com/products/equipment/bowling-bags/,https://www.stormbowling.com/storm-3-ball-streamline-bag-black-blue,static/catalog_images/3036_ee1bdd36.webp,3-BALL STREAMLINE (BLACK-BLUE),3036,$123.00,none,Equipment,Bowling Bags,https://assets.1.commercebuild.com/d186dcd2044cf54d8e48876defef4907/contents/3036/thumbnail/middle_3036@2.png
https://www.stormbowling.com/products/equipment/bowling-bags/,https://www.stormbowling.com/roto-grip-3-ball-roller-bag-competitor,static/catalog_images/r3307_2c33ea46.webp,3-BALL ROLLER COMPETITOR SERIES,R3307,$157.00,none,Equipment,Bowling Bags,https://assets.1.commercebuild.com/d186dcd2044cf54d8e48876defef4907/contents/R3307/thumbnail/middle_R3307@2.png
https://www.stormbowling.com/products/equipment/bowling-bags/,https://www.stormbowling.com/roto-grip-3-ball-roller-bag-achromatic,static/catalog_images/r3308_b978f505.webp,3-BALL ROLLER ACHROMATIC,R3308,$157.00,none,Equipment,Bowling Bags,https://assets.1.commercebuild.com/d186dcd2044cf54d8e48876defef4907/contents/R3308/thumbnail/middle_RG_3b_roller_gray.png
https://www.stormbowling.com/products/equipment/bowling-bags/,https://www.stormbowling.com/900-global-3-ball-deluxe-roller,static/catalog_images/gb3901_1a296fe6.webp,900 Global 3-Ball Deluxe Roller (Black/Gold),GB3901,$153.00,none,Equipment,Bowling Bags,https://assets.1.commercebuild.com/d186dcd2044cf54d8e48876defef4907/contents/GB3901/thumbnail/middle_GB3901@1.png
https://www.stormbowling.com/products/equipment/bowling-bags/,https://www.stormbowling.com/products/equipment/bowling-bags/3409-3-ball-tournament-travel-blkblue,static/catalog_images/3409_dd32b0dc.webp,3-BALL TOURNAMENT TOTE (BLACK-BLUE),3409,$68.00,none,Equipment,Bowling Bags,https://assets.1.commercebuild.com/d186dcd2044cf54d8e48876defef4907/contents/3409/thumbnail/middle_3409@2.png
https://www.stormbowling.com/products/equipment/bowling-bags/,https://www.stormbowling.com/storm-travel-tote-pro-3-ball-bag-gray-black,static/catalog_images/3350_20b9caa2.webp,3-BALL TRAVEL TOTE PRO (GREY-BLACK),3350,$79.00,none,Equipment,Bowling Bags,https://assets.1.commercebuild.com/d186dcd2044cf54d8e48876defef4907/contents/3350/thumbnail/middle_Storm_3-ball_Travel_Tote_Pro_Grey-Black-3350.png
https://www.stormbowling.com/products/equipment/bowling-bags/,https://www.stormbowling.com/storm-travel-tote-pro-3-ball-bag-blue-black,static/catalog_images/3351_8da6b713.webp,3-BALL TRAVEL TOTE PRO (BLUE-BLACK),3351,$79.00,none,Equipment,Bowling Bags,https://assets.1.commercebuild.com/d186dcd2044cf54d8e48876defef4907/contents/3351/thumbnail/middle_3351@2.png
https://www.stormbowling.com/products/equipment/bowling-bags/,https://www.stormbowling.com/storm-travel-tote-pro-3-ball-bag-white-teal,static/catalog_images/3352_3eb6e7c3.webp,3-BALL TRAVEL TOTE PRO (WHITE-TEAL),3352,$79.00,none,Equipment,Bowling Bags,https://assets.1.commercebuild.com/d186dcd2044cf54d8e48876defef4907/contents/3352/thumbnail/middle_3352@2.png
https://www.stormbowling.com/products/equipment/bowling-bags/,https://www.stormbowling.com/900-global-travel-tote-pro-3-ball-bag-black-gold,static/catalog_images/gb3300_02ad09ae.webp,3-BALL TRAVEL TOTE PRO (BLACK-GOLD),GB3300,$79.00,none,Equipment,Bowling Bags,https://assets.1.commercebuild.com/d186dcd2044cf54d8e48876defef4907/contents/GB3300/thumbnail/middle_big_New_Bags-4308.png
https://www.stormbowling.com/products/equipment/bowling-bags/,https://www.stormbowling.com/roto-grip-tour-tote-3-ball-bag-achromatic,static/catalog_images/r3208_6c4137c8.webp,3-BALL TOUR TOTE ACHROMATIC,R3208,$79.00,none,Equipment,Bowling Bags,https://assets.1.commercebuild.com/d186dcd2044cf54d8e48876defef4907/contents/R3208/thumbnail/middle_big_RG_3b_tote_gray.png
https://www.stormbowling.com/products/equipment/bowling-bags/,https://www.stormbowling.com/roto-grip-3-ball-a-s-e-travel-tote-competitor,static/catalog_images/r3007_fd2302e4.webp,3-BALL TRAVEL TOTE COMPETITOR SERIES,R3007,$67.00,none,Equipment,Bowling Bags,https://assets.1.commercebuild.com/d186dcd2044cf54d8e48876defef4907/contents/R3007/thumbnail/middle_R3007@2.png
https://www.stormbowling.com/products/equipment/bowling-bags/,https://www.stormbowling.com/storm-rolling-thunder-2-ball-signature-white-blue,static/catalog_images/27135_ef476505.webp,2-BALL ROLLING THUNDER SIGNATURE (4-WHEEL EDITION),27135,$150.00,none,Equipment,Bowling Bags,https://assets.1.commercebuild.com/d186dcd2044cf54d8e48876defef4907/contents/27135/thumbnail/middle_27135@2.png
https://www.stormbowling.com/products/equipment/bowling-bags/,https://www.stormbowling.com/storm-rolling-thunder-2-ball-steel-blue-black,static/catalog_images/27139_55e19a57.webp,2-BALL ROLLING THUNDER (STEEL BLUE-BLACK),27139,$119.00,none,Equipment,Bowling Bags,https://assets.1.commercebuild.com/d186dcd2044cf54d8e48876defef4907/contents/27139/thumbnail/middle_St_2b_roller_Electric_Blue.png
https://www.stormbowling.com/products/equipment/bowling-balls/,https://www.stormbowling.com/storm-alpha-crux-bowling-ball,static/catalog_images/bbmvxa_feb31435.webp,Alpha Crux,BBMVXA,$120.00,Apple Fritter,Equipment,Bowling Balls,https://assets.1.commercebuild.com/d186dcd2044cf54d8e48876defef4907/contents/BBMVXA/BBMVXA.png
https://www.stormbowling.com/products/equipment/bowling-balls/,https://www.stormbowling.com/storm-equinox-hybrid-bowling-ball,static/catalog_images/bbmvxy_52ce420f.webp,Equinox Hybrid,BBMVXY,$120.00,none,Equipment,Bowling Balls,https://assets.1.commercebuild.com/d186dcd2044cf54d8e48876defef4907/contents/BBMVXY/BBMVXY@1.png?v=9705ff08
https://www.stormbowling.com/products/equipment/bowling-balls/,https://www.stormbowling.com/storm-equinox-solid-bowling-ball,static/catalog_images/bbmvxd_2017a463.webp,Equinox Solid,BBMVXD,$120.00,Cherry Apple Slush,Equipment,Bowling Balls,https://assets.1.commercebuild.com/d186dcd2044cf54d8e48876defef4907/contents/BBMVXD/BBMVXD@1.png
https://www.stormbowling.com/products/equipment/bowling-balls/,https://www.stormbowling.com/storm-ion-max-pearl-bowling-ball,static/catalog_images/bbmvim_cf95d0dd.webp,Ion Max Pearl,BBMVIM,$120.00,Pineapple Cherry Delight,Equipment,Bowling Balls,https://assets.1.commercebuild.com/d186dcd2044cf54d8e48876defef4907/contents/BBMVIM/BBMVIM@1.png
https://www.stormbowling.com/products/equipment/bowling-balls/,https://www.stormbowling.com/storm-ion-max-bowling-ball,static/catalog_images/bbmvio_aba00fd1.webp,Ion Max,BBMVIO,$120.00,none,Equipment,Bowling Balls,https://assets.1.commercebuild.com/d186dcd2044cf54d8e48876defef4907/contents/BBMVIO/BBMVIO.png
https://www.stormbowling.com/products/equipment/bowling-balls/,https://www.stormbowling.com/storm-ion-pro-solid-bowling-ball,static/catalog_images/bbmvis_503bf9b9.webp,Ion Pro Solid,BBMVIS,$120.00,none,Equipment,Bowling Balls,https://assets.1.commercebuild.com/d186dcd2044cf54d8e48876defef4907/contents/BBMVIS/BBMVIS.png
https://www.stormbowling.com/products/equipment/bowling-balls/,https://www.stormbowling.com/storm-next-factor-bowling-ball,static/catalog_images/bbmvxf_21fb2c5f.webp,Next Factor,BBMVXF,$120.00,Dark Berry,Equipment,Bowling Balls,https://assets.1.commercebuild.com/d186dcd2044cf54d8e48876defef4907/contents/BBMVXF/BBMVXF.png
https://www.stormbowling.com/products/equipment/bowling-balls/,https://www.stormbowling.com/storm-identity-bcp-bowling-ball,static/catalog_images/bbmvdb_14515ea1.webp,Identity B/C/P,BBMVDB,OUT_OF_STOCK,none,Equipment,Bowling Balls,https://assets.1.commercebuild.com/d186dcd2044cf54d8e48876defef4907/contents/BBMVDB/BBMVDB.png
https://www.stormbowling.com/products/equipment/bowling-balls/,https://www.stormbowling.com/storm-identity-bowling-ball,static/catalog_images/bbmvid_7908e008.webp,Identity,BBMVID,OUT_OF_STOCK,none,Equipment,Bowling Balls,https://assets.1.commercebuild.com/d186dcd2044cf54d8e48876defef4907/contents/BBMVID/BBMVID.png
https://www.stormbowling.com/products/equipment/bowling-balls/,https://www.stormbowling.com/storm-concept-bowling-ball,static/catalog_images/bbmvcn_416ec77e.webp,Concept,BBMVCN,$120.00,Blueberry Fritter,Equipment,Bowling Balls,https://assets.1.commercebuild.com/d186dcd2044cf54d8e48876defef4907/contents/BBMVCN/BBMVCN@1.png
https://www.stormbowling.com/products/equipment/bowling-balls/,https://www.stormbowling.com/storm-bionic-bowling-ball,static/catalog_images/bbmvbi_0e4ec815.webp,Bionic,BBMVBI,$110.00,Cherry Cobbler,Equipment,Bowling Balls,https://assets.1.commercebuild.com/d186dcd2044cf54d8e48876defef4907/contents/BBMVBI/BBMVBI.png
https://www.stormbowling.com/products/equipment/bowling-balls/,https://www.stormbowling.com/storm-iq-tour-sapphire-bowling-ball,static/catalog_images/bbmvqh_07c08e42.webp,!Q Tour Sapphire,BBMVQH,$110.00,none,Equipment,Bowling Balls,https://assets.1.commercebuild.com/d186dcd2044cf54d8e48876defef4907/contents/BBMVQH/IQ_Sapphire_Small.png?v=b7051d5c
https://www.stormbowling.com/products/equipment/bowling-balls/,https://www.stormbowling.com/storm-iq-tour-edition-bowling-ball,static/catalog_images/bbmtqt_5dbd14f7.webp,!Q Tour Edition,BBMTQT,$110.00,none,Equipment,Bowling Balls,https://assets.1.commercebuild.com/d186dcd2044cf54d8e48876defef4907/contents/BBMTQT/BBMTQT.png
https://www.stormbowling.com/products/equipment/bowling-balls/,https://www.stormbowling.com/storm-iq-tour-78u-bowling-ball,static/catalog_images/bbmvll_a212f063.webp,!Q Tour 78/U,BBMVLL,$110.00,,Equipment,Bowling Balls,https://assets.1.commercebuild.com/d186dcd2044cf54d8e48876defef4907/contents/BBMVLL/BBMVLL.png
https://www.stormbowling.com/products/equipment/bowling-balls/,https://www.stormbowling.com/storm-phaze-ii-pearl-bowling-ball,static/catalog_images/bbmvzp_a1d4b8fa.webp,Phaze II Pearl,BBMVZP,$110.00,Frosted Cinnamon Roll,Equipment,Bowling Balls,https://assets.1.commercebuild.com/d186dcd2044cf54d8e48876defef4907/contents/BBMVZP/BBMVZP_00000.png
https://www.stormbowling.com/products/equipment/bowling-balls/,https://www.stormbowling.com/storm-phaze-ii-bowling-ball,static/catalog_images/bbmtza_89c0f059.webp,Phaze II,BBMTZA,$110.00,none,Equipment,Bowling Balls,https://assets.1.commercebuild.com/d186dcd2044cf54d8e48876defef4907/contents/BBMTZA/BBMTZA.png
https://www.stormbowling.com/products/equipment/bowling-balls/,https://www.stormbowling.com/storm-rocket-ai-bowling-ball,static/catalog_images/bbmvrc_e9d26425.webp,ROCKET A.I.,BBMVRC,$100.00,Frosted Berry,Equipment,Bowling Balls,https://assets.1.commercebuild.com/d186dcd2044cf54d8e48876defef4907/contents/BBMVRC/BBMVRC.png
https://www.stormbowling.com/products/equipment/bowling-balls/,https://www.stormbowling.com/storm-pitch-black-bowling-ball,static/catalog_images/bbmtub_f4b34863.webp,PITCH BLACK,BBMTUB,$100.00,,Equipment,Bowling Balls,https://assets.1.commercebuild.com/d186dcd2044cf54d8e48876defef4907/contents/BBMTUB/BBMTUB.png
https://www.stormbowling.com/products/equipment/bowling-balls/,https://www.stormbowling.com/storm-hy-road-bowling-ball,static/catalog_images/bbmtty_5d9f93b5.webp,HY-ROAD,BBMTTY,$100.00,none,Equipment,Bowling Balls,https://assets.1.commercebuild.com/d186dcd2044cf54d8e48876defef4907/contents/BBMTTY/BBMTTY.png
https://www.stormbowling.com/products/equipment/bowling-balls/,https://www.stormbowling.com/storm-monsoon-bowling-ball,static/catalog_images/bbmvmn_acf3501b.webp,MONSOON,BBMVMN,$95.00,Grapple,Equipment,Bowling Balls,https://assets.1.commercebuild.com/d186dcd2044cf54d8e48876defef4907/contents/BBMVMN/BBMVMN@1.png
https://www.stormbowling.com/products/equipment/bowling-balls/,https://www.stormbowling.com/storm-typhoon-bowling-ball,static/catalog_images/bbmvty_3e9a7c27.webp,TYPHOON,BBMVTY,$95.00,Grape Punch,Equipment,Bowling Balls,https://assets.1.commercebuild.com/d186dcd2044cf54d8e48876defef4907/contents/BBMVTY/BBMVTY.png
https://www.stormbowling.com/products/equipment/bowling-balls/,https://www.stormbowling.com/storm-tropical-surge-kiwi-apple-avocado-bowling-ball,static/catalog_images/bbmvkv_ea159f50.webp,Tropical Surge Kiwi-Apple-Avocado,BBMVKV,$85.00,none,Equipment,Bowling Balls,https://assets.1.commercebuild.com/d186dcd2044cf54d8e48876defef4907/contents/BBMVKV/BBMVKV.png?v=a702c6a5
https://www.stormbowling.com/products/equipment/bowling-balls/,https://www.stormbowling.com/storm-tropical-surge-gold-bronze-medallion-bowling-ball,static/catalog_images/bbmvgm_1ba90868.webp,Tropical Surge Gold-Bronze-Medallion,BBMVGM,$85.00,none,Equipment,Bowling Balls,https://assets.1.commercebuild.com/d186dcd2044cf54d8e48876defef4907/contents/BBMVGM/BBMVGM.png?v=24f542e7
https://www.stormbowling.com/products/equipment/bowling-balls/,https://www.stormbowling.com/storm-tropical-surge-bowling-ball-black-blue-pink,static/catalog_images/bt1vkk_b91ac482.webp,TROPICAL SURGE BLACK-BLUE-PINK,BT1VKK,$85.00,none,Equipment,Bowling Balls,https://assets.1.commercebuild.com/d186dcd2044cf54d8e48876defef4907/contents/BT1VKK/Tropical_Surge_Black-Blue-Pink.PNG
https://www.stormbowling.com/products/equipment/shoe-accessories/,https://www.stormbowling.com/3G-parts-case,static/catalog_images/3gb11_06581f01.webp,3G PARTS CASE,3GB11,$29.70,none,Equipment,Shoe Accessories,https://assets.1.commercebuild.com/d186dcd2044cf54d8e48876defef4907/contents/3GB11/thumbnail/big_3GB11.png
https://www.stormbowling.com/products/equipment/shoe-accessories/,https://www.stormbowling.com/3G-shoe-slide,static/catalog_images/sp_sl_e89f60d5.webp,3G SHOE SLIDER,SP-SL,$5.00,none,Equipment,Shoe Accessories,https://assets.1.commercebuild.com/d186dcd2044cf54d8e48876defef4907/contents/SP-SL/thumbnail/big_SP-SL.png
https://www.stormbowling.com/products/equipment/shoe-accessories/,https://www.stormbowling.com/3G-shoe-fresheners,static/catalog_images/sp_sf_14c76c8e.webp,3G SHOE FRESHENERS,SP-SF,$4.00,none,Equipment,Shoe Accessories,https://assets.1.commercebuild.com/d186dcd2044cf54d8e48876defef4907/contents/SP-SF/thumbnail/big_SP-SF.png
https://www.stormbowling.com/products/equipment/shoe-accessories/,https://www.stormbowling.com/3G-shoe-brush,static/catalog_images/sp_br_753990de.webp,3G SHOE BRUSH,SP-BR,$4.50,none,Equipment,Shoe Accessories,https://assets.1.commercebuild.com/d186dcd2044cf54d8e48876defef4907/contents/SP-BR/thumbnail/big_SP-BR.png
https://www.stormbowling.com/products/equipment/shoe-accessories/,https://www.stormbowling.com/3G-formula-shoe-slide-s2,static/catalog_images/sp_s2_56d3f79f.webp,FORMULA SLIDE S2,SP-S2,$17.00,none,Equipment,Shoe Accessories,https://assets.1.commercebuild.com/d186dcd2044cf54d8e48876defef4907/contents/SP-S2/thumbnail/middle_SP-S2.png
https://www.stormbowling.com/products/equipment/shoe-accessories/,https://www.stormbowling.com/3G-formula-shoe-slide-s4,static/catalog_images/sp_s4_150087e0.webp,FORMULA SLIDE S4,SP-S4,$14.00,none,Equipment,Shoe Accessories,https://assets.1.commercebuild.com/d186dcd2044cf54d8e48876defef4907/contents/SP-S4/thumbnail/middle_SP-S4.png
https://www.stormbowling.com/products/equipment/shoe-accessories/,https://www.stormbowling.com/3G-formula-shoe-slide-s8,static/catalog_images/sp_s8_e3943af4.webp,FORMULA SLIDE S8,SP-S8,$17.00,none,Equipment,Shoe Accessories,https://assets.1.commercebuild.com/d186dcd2044cf54d8e48876defef4907/contents/SP-S8/thumbnail/middle_Storm_2023_Racer-Formula_Sole_S8_(3).PNG
https://www.stormbowling.com/products/equipment/shoe-accessories/,https://www.stormbowling.com/3G-formula-shoe-slide-s10,static/catalog_images/sp_s10_0dbe2f7e.webp,FORMULA SLIDE S10,SP-S10,$14.00,none,Equipment,Shoe Accessories,https://assets.1.commercebuild.com/d186dcd2044cf54d8e48876defef4907/contents/SP-S10/thumbnail/middle_Storm_2023_Racer-Formula_Sole_S10_(2).PNG
https://www.stormbowling.com/products/equipment/shoe-accessories/,https://www.stormbowling.com/3G-formula-shoe-slide-s18,static/catalog_images/sp_s18_13b6d1ed.webp,FORMULA SLIDE S18,SP-S18,$14.00,none,Equipment,Shoe Accessories,https://assets.1.commercebuild.com/d186dcd2044cf54d8e48876defef4907/contents/SP-S18/thumbnail/middle_SP-S18.png
https://www.stormbowling.com/products/equipment/shoe-accessories/,https://www.stormbowling.com/3G-formula-shoe-heel-h3,static/catalog_images/sp_h3_abb8e308.webp,FORMULA HEEL H3 - EXTREME FRICTION,SP-H3,$12.00,none,Equipment,Shoe Accessories,https://assets.1.commercebuild.com/d186dcd2044cf54d8e48876defef4907/contents/SP-H3/thumbnail/middle_Storm_2023_Racer-Formula_Heel_H3_(2).PNG
https://www.stormbowling.com/products/equipment/shoe-accessories/,https://www.stormbowling.com/3G-formula-shoe-heel-h5,static/catalog_images/sp_h5_b84b888d.webp,FORMULA HEEL H5 - HIGH FRICTION,SP-H5,$12.00,none,Equipment,Shoe Accessories,https://assets.1.commercebuild.com/d186dcd2044cf54d8e48876defef4907/contents/SP-H5/thumbnail/middle_Storm_2023_Racer-Formula_Heel_H5_(2).PNG
https://www.stormbowling.com/products/equipment/shoe-accessories/,https://www.stormbowling.com/3G-formula-shoe-heel-h7,static/catalog_images/sp_h7_a125c6a2.webp,FORMULA HEEL H7 - MED-HIGH FRICTION,SP-H7,$12.00,none,Equipment,Shoe Accessories,https://assets.1.commercebuild.com/d186dcd2044cf54d8e48876defef4907/contents/SP-H7/thumbnail/middle_Storm_2023_Racer-Formula_Heel_H7_(2).PNG
https://www.stormbowling.com/products/equipment/shoe-accessories/,https://www.stormbowling.com/3G-formula-shoe-heel-h11,static/catalog_images/sp_h11_21b11bee.webp,FORMULA HEEL H11 - MEDIUM FRICTION,SP-H11,$12.00,none,Equipment,Shoe Accessories,https://assets.1.commercebuild.com/d186dcd2044cf54d8e48876defef4907/contents/SP-H11/thumbnail/middle_Storm_2023_Racer-Formula_Heel_H11_(2).PNG
https://www.stormbowling.com/products/equipment/shoe-accessories/,https://www.stormbowling.com/3G-formula-shoe-heel-h15,static/catalog_images/sp_h15_413673a4.webp,FORMULA HEEL H15 - MED-LOW FRICTION,SP-H15,$12.00,none,Equipment,Shoe Accessories,https://assets.1.commercebuild.com/d186dcd2044cf54d8e48876defef4907/contents/SP-H15/thumbnail/middle_Storm_2023_Racer-Formula_Heel_H15_(2).PNG
https://www.stormbowling.com/products/equipment/shoe-accessories/,https://www.stormbowling.com/3G-formula-shoe-heel-h17,static/catalog_images/sp_h17_cd309b51.webp,FORMULA HEEL H17 - LOW FRICTION,SP-H17,$14.00,none,Equipment,Shoe Accessories,https://assets.1.commercebuild.com/d186dcd2044cf54d8e48876defef4907/contents/SP-H17/thumbnail/middle_Storm_2023_Racer-Formula_Heel_H17_(2).PNG
https://www.stormbowling.com/products/equipment/shoe-accessories/,https://www.stormbowling.com/3G-interchangeable-heel,static/catalog_images/sp_fn_4448f8de.webp,INTERCHANGEABLE HEEL,SP-FN,$16.00,none,Equipment,Shoe Accessories,https://assets.1.commercebuild.com/d186dcd2044cf54d8e48876defef4907/contents/SP-FN/thumbnail/middle_3G_Flat_Heel_(2).PNG
https://www.stormbowling.com/products/equipment/shoe-accessories/,https://www.stormbowling.com/3G-replaceable-toe-cap,static/catalog_images/sp_gtc_dc8d7341.webp,REPLACEABLE TOE CAP,SP-GTC,$18.00,none,Equipment,Shoe Accessories,https://assets.1.commercebuild.com/d186dcd2044cf54d8e48876defef4907/contents/SP-GTC/thumbnail/middle_Toe_Cap_(2).PNG
https://www.stormbowling.com/products/equipment/shoe-accessories/,https://www.stormbowling.com/3G-adjust-a-heel,static/catalog_images/sp_ah_88a75b82.webp,ADJUST-A-HEEL,SP-AH,$21.00,none,Equipment,Shoe Accessories,https://assets.1.commercebuild.com/d186dcd2044cf54d8e48876defef4907/contents/SP-AH/thumbnail/middle_3G_Adjust_a_Heel_(2).PNG
https://www.stormbowling.com/products/equipment/shoe-accessories/,https://www.stormbowling.com/storm-mens-shoe-cover,static/catalog_images/mens_shoe_cover_855a8918.webp,MENS SHOE COVER,MENS_SHOE_COVER,$4.00,none,Equipment,Shoe Accessories,https://assets.1.commercebuild.com/d186dcd2044cf54d8e48876defef4907/contents/MENS_SHOE_COVER/thumbnail/middle_shoecover_mens-Z.PNG
https://www.stormbowling.com/products/equipment/shoe-accessories/,https://www.stormbowling.com/storm-ladies-shoe-cover,static/catalog_images/aclssc_1353cf7f.webp,STORM LADIES SHOE COVER,ACLSSC,$4.00,none,Equipment,Shoe Accessories,https://assets.1.commercebuild.com/d186dcd2044cf54d8e48876defef4907/contents/ACLSSC/thumbnail/middle_ACLSSC@2.png
https://www.stormbowling.com/products/equipment/shoe-accessories/,https://www.stormbowling.com/storm-shoe-slide,static/catalog_images/acsss_b9e680b1.webp,STORM SHOE SLIDE,ACSSS,$4.00,none,Equipment,Shoe Accessories,https://assets.1.commercebuild.com/d186dcd2044cf54d8e48876defef4907/contents/ACSSS/thumbnail/middle_ACSSS@2.png
https://www.stormbowling.com/products/equipment/shoe-accessories/,https://www.stormbowling.com/shoe-sole-oiled-leather,static/catalog_images/sp_ss_ol_16964a04.webp,SOLE-SOLID OILED LEATHER,SP-SS-OL,$14.00,none,Equipment,Shoe Accessories,https://assets.1.commercebuild.com/d186dcd2044cf54d8e48876defef4907/contents/SP-SS-OL/thumbnail/middle_SP-SS-OL.png
https://www.stormbowling.com/products/equipment/shoe-accessories/,https://www.stormbowling.com/shoe-sole-chrome-leather,static/catalog_images/sp_ss_cl_3c9019b2.webp,SOLE-SOLID CHROME LEATHER,SP-SS-CL,$14.00,none,Equipment,Shoe Accessories,https://assets.1.commercebuild.com/d186dcd2044cf54d8e48876defef4907/contents/SP-SS-CL/thumbnail/middle_SP-SS-CL.png
https://www.stormbowling.com/products/equipment/shoe-accessories/,https://www.stormbowling.com/shoe-sole-solid-felt,static/catalog_images/sp_ss_ft_1e1a644f.webp,SOLE-SOLID FELT,SP-SS-FT,$14.00,none,Equipment,Shoe Accessories,https://assets.1.commercebuild.com/d186dcd2044cf54d8e48876defef4907/contents/SP-SS-FT/thumbnail/middle_SP-SS-FT.png
https://www.stormbowling.com/products/equipment/shoes/,https://www.stormbowling.com/3G-dial-racer-shoe-black,static/catalog_images/s3029_76539911.webp,3G DIAL RACER,S3029,$170.00,none,Equipment,Shoes,https://assets.1.commercebuild.com/d186dcd2044cf54d8e48876defef4907/contents/S3029/thumbnail/big_3G_2025_shoe_Rascer_Black_Dial_SIDE.png
https://www.stormbowling.com/products/equipment/shoes/,https://www.stormbowling.com/3G-racer-shoe-white,static/catalog_images/s3025_0348ea28.webp,3G RACER WHITE/HOLO,S3025,$165.00,none,Equipment,Shoes,https://assets.1.commercebuild.com/d186dcd2044cf54d8e48876defef4907/contents/S3025/thumbnail/big_big_3G_2025_shoe_Racer_White_SIDE.png
https://www.stormbowling.com/products/equipment/shoes/,https://www.stormbowling.com/3G-racer-mesh-shoe-gray,static/catalog_images/s3031_fdfdded3.webp,3G RACER MESH,S3031,$130.00,none,Equipment,Shoes,https://assets.1.commercebuild.com/d186dcd2044cf54d8e48876defef4907/contents/S3031/thumbnail/big_3G_2025_shoe_Rascer_mesh_gray.png
https://www.stormbowling.com/products/equipment/shoes/,https://www.stormbowling.com/3G-ascent-ii-shoe-black-white,static/catalog_images/ss104_7b593b7c.webp,ASCENT II - BLACK/WHITE,SS104,$50.00,none,Equipment,Shoes,https://assets.1.commercebuild.com/d186dcd2044cf54d8e48876defef4907/contents/SS104/thumbnail/big_3G_2024_shoe_Ascent_Black_Side.png
https://www.stormbowling.com/products/equipment/shoes/,https://www.stormbowling.com/3G-ascent-ii-shoe-white-black,static/catalog_images/ss105_a9ec7533.webp,ASCENT II - WHITE/BLACK,SS105,50.00,none,Equipment,Shoes,https://assets.1.commercebuild.com/d186dcd2044cf54d8e48876defef4907/contents/SS105/thumbnail/middle_3G_2025_Ascent_White-Black_Side.png
https://www.stormbowling.com/products/equipment/shoes/,https://www.stormbowling.com/3G-speed-dial-shoe,static/catalog_images/ss102_6d6f9a13.webp,Speed Dial,SS102,$50.00,none,Equipment,Shoes,https://assets.1.commercebuild.com/d186dcd2044cf54d8e48876defef4907/contents/SS102/thumbnail/middle_SS102.png
https://www.stormbowling.com/products/equipment/shoes/,https://www.stormbowling.com/3G-ascent-shoe-black,static/catalog_images/ss100_ade5658f.webp,ASCENT,SS100,$37.00,none,Equipment,Shoes,https://assets.1.commercebuild.com/d186dcd2044cf54d8e48876defef4907/contents/SS100/thumbnail/middle_SS100.png
https://www.stormbowling.com/products/equipment/shoes/,https://www.stormbowling.com/3G-ascent-shoe-blue,static/catalog_images/ss101_ae18e21f.webp,ASCENT,SS101,$37.00,none,Equipment,Shoes,https://assets.1.commercebuild.com/d186dcd2044cf54d8e48876defef4907/contents/SS101/thumbnail/middle_SS101.png
https://www.stormbowling.com/products/equipment/shoes/,https://www.stormbowling.com/3G-kicks-ii-shoe-coral,static/catalog_images/sk1700_b4ae1a21.webp,KICKS II - CORAL,SK1700,$35.00,none,Equipment,Shoes,https://assets.1.commercebuild.com/d186dcd2044cf54d8e48876defef4907/contents/SK1700/thumbnail/middle_3G_2024_Kicks_Peach-Wt_(2).png
https://www.stormbowling.com/products/equipment/shoes/,https://www.stormbowling.com/3G-kicks-ii-shoe-lavender,static/catalog_images/sk1400_9d8c2df8.webp,KICKS II - LAVENDER,SK1400,$35.00,none,Equipment,Shoes,https://assets.1.commercebuild.com/d186dcd2044cf54d8e48876defef4907/contents/SK1400/thumbnail/middle_3G_2024_Kicks_Purple-Wt_(2).png
https://www.stormbowling.com/products/equipment/shoes/,https://www.stormbowling.com/3G-kicks-ii-shoe-gray,static/catalog_images/sk1900_530ce97d.webp,KICKS II - GREY,SK1900,$35.00,none,Equipment,Shoes,https://assets.1.commercebuild.com/d186dcd2044cf54d8e48876defef4907/contents/SK1900/thumbnail/middle_3G_2024_Kicks_Grey-St_(2).png
https://www.stormbowling.com/products/equipment/shoes/,https://www.stormbowling.com/3G-kicks-ii-shoe-navy,static/catalog_images/sk1800_b6b5a577.webp,KICKS II - NAVY,SK1800,$35.00,none,Equipment,Shoes,https://assets.1.commercebuild.com/d186dcd2044cf54d8e48876defef4907/contents/SK1800/thumbnail/middle_3G_2024_Kicks_Blue_Grn_(2).png
https://www.stormbowling.com/products/equipment/shoes/,https://www.stormbowling.com/3G-kicks-ii-shoe-black-blue,static/catalog_images/sk1600_8b661332.webp,KICKS II - BLACK/BLUE,SK1600,$35.00,none,Equipment,Shoes,https://assets.1.commercebuild.com/d186dcd2044cf54d8e48876defef4907/contents/SK1600/thumbnail/middle_3G_2024_Kicks_Blue-Bk_(2).png
https://www.stormbowling.com/products/equipment/shoes/,https://www.stormbowling.com/3G-kicks-ii-shoe-black,static/catalog_images/sk1500_c3dbb30e.webp,KICKS II - BLACK,SK1500,$35.00,none,Equipment,Shoes,https://assets.1.commercebuild.com/d186dcd2044cf54d8e48876defef4907/contents/SK1500/thumbnail/middle_3G_2024_Kicks_Bk-Wt_(2).png
https://www.stormbowling.com/products/equipment/shoes/,https://www.stormbowling.com/3G-kicks-shoe-black,static/catalog_images/sk200_5b4ea262.webp,KICKS - BLACK,SK200,$35.00,none,Equipment,Shoes,https://assets.1.commercebuild.com/d186dcd2044cf54d8e48876defef4907/contents/SK200/thumbnail/middle_SK200.png
https://www.stormbowling.com/products/equipment/shoes/,https://www.stormbowling.com/3G-kicks-shoe-black-pink,static/catalog_images/sk700_5e89f777.webp,KICKS - BLACK/PINK,SK700,$35.00,none,Equipment,Shoes,https://assets.1.commercebuild.com/d186dcd2044cf54d8e48876defef4907/contents/SK700/thumbnail/middle_SK700.png
https://www.stormbowling.com/products/merchandise/accessories/,https://www.stormbowling.com/storm-hat-cardinal-red,static/catalog_images/ac574rd_8ff9e1da.webp,Storm Cardinal Red Snapback Hat,AC574RD,$26.40,none,Merchandise,Accessories,https://assets.1.commercebuild.com/d186dcd2044cf54d8e48876defef4907/contents/AC574RD/thumbnail/big_AC574RD@1.png
https://www.stormbowling.com/products/merchandise/accessories/,https://www.stormbowling.com/storm-script-hat-black,static/catalog_images/ac574bk_57eb51c1.webp,Storm Script Black Snapback Hat,AC574BK,$26.40,none,Merchandise,Accessories,https://assets.1.commercebuild.com/d186dcd2044cf54d8e48876defef4907/contents/AC574BK/thumbnail/big_AC574BK@1.png
https://www.stormbowling.com/products/merchandise/accessories/,https://www.stormbowling.com/products/merchandise/accessories/ac579eh-equinox-hybrid-hat,static/catalog_images/ac579eh_7c4275e3.webp,Equinox Hybrid Hat,AC579EH,$22.00,none,Merchandise,Accessories,https://assets.1.commercebuild.com/d186dcd2044cf54d8e48876defef4907/contents/AC579EH/thumbnail/big_AC579EH@1.png?v=dad5ed32
https://www.stormbowling.com/products/merchandise/accessories/,https://www.stormbowling.com/storm-flipside-hat-red-white,static/catalog_images/ac573rw_833db3da.webp,STORM FLIPSIDE HAT (RED/WHITE),AC573RW,$25.30,none,Merchandise,Accessories,https://assets.1.commercebuild.com/d186dcd2044cf54d8e48876defef4907/contents/AC573RW/thumbnail/big_AC573RW.png
https://www.stormbowling.com/products/merchandise/accessories/,https://www.stormbowling.com/storm-flipside-hat-buck-charcoal,static/catalog_images/ac573bc_47c9c1b2.webp,STORM FLIPSIDE HAT (BUCK/CHARCOAL),AC573BC,$25.30,none,Merchandise,Accessories,https://assets.1.commercebuild.com/d186dcd2044cf54d8e48876defef4907/contents/AC573BC/thumbnail/middle_AC573BC@1.png
https://www.stormbowling.com/products/merchandise/accessories/,https://www.stormbowling.com/storm-3D-flying-s-snapback-hat-gray,static/catalog_images/ac553_9959a05c.webp,STORM 3D FLYING S HAT BLUE,AC553,$26.40,none,Merchandise,Accessories,https://assets.1.commercebuild.com/d186dcd2044cf54d8e48876defef4907/contents/AC553/thumbnail/middle_AC553@1.png
https://www.stormbowling.com/products/merchandise/accessories/,https://www.stormbowling.com/storm-3D-flying-s-hat-blue,static/catalog_images/ac553sb_22daa6bd.webp,STORM 3D FLYING S SNAPBACK HEATHER,AC553SB,$26.40,none,Merchandise,Accessories,https://assets.1.commercebuild.com/d186dcd2044cf54d8e48876defef4907/contents/AC553SB/thumbnail/middle_AC553SB@1.png
https://www.stormbowling.com/products/merchandise/accessories/,https://www.stormbowling.com/storm-leather-belt-black,static/catalog_images/shst209bllg_a41727b4.webp,STORM BLACK LEATHER BELT,SHST209BLLG,$30.00,none,Merchandise,Accessories,https://assets.1.commercebuild.com/d186dcd2044cf54d8e48876defef4907/contents/SHST209BLLG/thumbnail/middle_SHST209BLLG@1.png
https://www.stormbowling.com/products/merchandise/accessories/,https://www.stormbowling.com/storm-c4-bolt-belt,static/catalog_images/shst127bolt_847f178f.webp,STORM C4 BOLT BELT,SHST127BOLT,$24.00,none,Merchandise,Accessories,https://assets.1.commercebuild.com/d186dcd2044cf54d8e48876defef4907/contents/SHST127BOLT/thumbnail/middle_shst127BOLT@1.png
https://www.stormbowling.com/products/merchandise/accessories/,https://www.stormbowling.com/storm-c4-bolt-belt-gray,static/catalog_images/shst127gr_87231f0d.webp,STORM C4 BELT GRAY,SHST127GR,$28.60,none,Merchandise,Accessories,https://assets.1.commercebuild.com/d186dcd2044cf54d8e48876defef4907/contents/SHST127GR/thumbnail/middle_SHST127GR@2.png
https://www.stormbowling.com/products/merchandise/accessories/,https://www.stormbowling.com/storm-3D-oval-bolt-trucker-hat-weekender,static/catalog_images/ac552wt_7c4a7eed.webp,STORM 3D OVAL BOLT WEEKENDER TRUCKER HAT,AC552WT,$23.10,none,Merchandise,Accessories,https://assets.1.commercebuild.com/d186dcd2044cf54d8e48876defef4907/contents/AC552WT/thumbnail/middle_AC552WT@2.png
https://www.stormbowling.com/products/merchandise/accessories/,https://www.stormbowling.com/storm-3D-oval-bolt-trucker-hat-fusion,static/catalog_images/fusion_trucker_hat_3474119f.webp,STORM 3D OVAL BOLT FUSION TRUCKER HAT,FUSION_TRUCKER_HAT,$25.30,none,Merchandise,Accessories,https://assets.1.commercebuild.com/d186dcd2044cf54d8e48876defef4907/contents/Fusion_Trucker_Hat/thumbnail/middle_green_hat_cut.png
https://www.stormbowling.com/products/merchandise/accessories/,https://www.stormbowling.com/products/merchandise/accessories/ac552ht-3d-oval-bolt-hat-heather-trucker,static/catalog_images/ac552ht_fb33ad10.webp,STORM 3D OVAL BOLT TRUCKER HAT HEATHER,AC552HT,$23.10,none,Merchandise,Accessories,https://assets.1.commercebuild.com/d186dcd2044cf54d8e48876defef4907/contents/AC552HT/thumbnail/middle_AC552HT@2.png
https://www.stormbowling.com/products/merchandise/accessories/,https://www.stormbowling.com/storm-flying-s-patch-hat-gray,static/catalog_images/ac556_fb88c25d.webp,STORM DYE SUB FLYING S PATCH HAT GRAY,AC556,$25.30,none,Merchandise,Accessories,https://assets.1.commercebuild.com/d186dcd2044cf54d8e48876defef4907/contents/AC556/thumbnail/middle_AC556@2.png
https://www.stormbowling.com/products/merchandise/accessories/,https://www.stormbowling.com/storm-beanie-black,static/catalog_images/ac502_d5f1ef9e.webp,BLACK STORM BEANIE,AC502,$9.90,none,Merchandise,Accessories,https://assets.1.commercebuild.com/d186dcd2044cf54d8e48876defef4907/contents/AC502/thumbnail/middle_AC502@2.png
https://www.stormbowling.com/products/merchandise/accessories/,https://www.stormbowling.com/storm-oval-bolt-beanie-charcoal,static/catalog_images/ac501_dbbc1365.webp,OVAL BOLT BEANIE,AC501,$9.90,none,Merchandise,Accessories,https://assets.1.commercebuild.com/d186dcd2044cf54d8e48876defef4907/contents/AC501/thumbnail/middle_AC501@2.png
https://www.stormbowling.com/products/merchandise/accessories/,https://www.stormbowling.com/storm-crew-socks-oval-bolt,static/catalog_images/shst125_3cfbfcf4.webp,STORM CREW SOCKS OVAL BOLT,SHST125,$5.50,none,Merchandise,Accessories,https://assets.1.commercebuild.com/d186dcd2044cf54d8e48876defef4907/contents/SHST125/thumbnail/middle_SHST125@2.png
https://www.stormbowling.com/products/merchandise/accessories/,https://www.stormbowling.com/roto-grip-chill-out-beanie,static/catalog_images/ac543_48b38806.webp,RG CHILL OUT BEANIE,AC543,$15.40,none,Merchandise,Accessories,https://assets.1.commercebuild.com/d186dcd2044cf54d8e48876defef4907/contents/AC543/thumbnail/middle_SHST271.png
https://www.stormbowling.com/products/merchandise/accessories/,https://www.stormbowling.com/roto-grip-trucker-hat-wave,static/catalog_images/ac541w_8c1d8649.webp,RG WAVE TRUCKER HAT,AC541W,$17.60,none,Merchandise,Accessories,https://assets.1.commercebuild.com/d186dcd2044cf54d8e48876defef4907/contents/AC541W/thumbnail/middle_AC541W@1.png
https://www.stormbowling.com/products/merchandise/accessories/,https://www.stormbowling.com/roto-grip-trucker-hat-street,static/catalog_images/ac541s_2a2165b5.webp,RG STREET TRUCKER HAT,AC541S,$17.60,none,Merchandise,Accessories,https://assets.1.commercebuild.com/d186dcd2044cf54d8e48876defef4907/contents/AC541S/thumbnail/middle_AC541S@1.png
https://www.stormbowling.com/products/merchandise/accessories/,https://www.stormbowling.com/roto-grip-bucket-hat-white,static/catalog_images/ac540_f838cc2b.webp,RG BUCKET HAT (WHITE),AC540,$17.60,none,Merchandise,Accessories,https://assets.1.commercebuild.com/d186dcd2044cf54d8e48876defef4907/contents/AC540/thumbnail/middle_AC540W@1.png
https://www.stormbowling.com/products/merchandise/accessories/,https://www.stormbowling.com/roto-grip-bucket-hat-black,static/catalog_images/ac540b_b02877bc.webp,RG BUCKET HAT (BLACK),AC540B,$18.70,none,Merchandise,Accessories,https://assets.1.commercebuild.com/d186dcd2044cf54d8e48876defef4907/contents/AC540B/thumbnail/middle_AC540B@1.png
https://www.stormbowling.com/products/merchandise/accessories/,https://www.stormbowling.com/products/merchandise/accessories/acspp-storm-puffy-patch,static/catalog_images/acspp_63672073.webp,STORM PUFFY PATCH,ACSPP,$2.00,none,Merchandise,Accessories,https://assets.1.commercebuild.com/d186dcd2044cf54d8e48876defef4907/contents/ACSPP/thumbnail/middle_Storm_Puffy_Patch_Bk_Wht_Rd_(2).PNG
https://www.stormbowling.com/products/merchandise/accessories/,https://www.stormbowling.com/roto-grip-puffy-patch,static/catalog_images/acrpp_599a3584.webp,ROTO GRIP PUFFY PATCH,ACRPP,$2.00,none,Merchandise,Accessories,https://assets.1.commercebuild.com/d186dcd2044cf54d8e48876defef4907/contents/ACRPP/thumbnail/middle_RG_Puffy_Patch_Bk_Wht_Rd_(2).PNG
https://www.stormbowling.com/products/merchandise/apparel/,https://www.stormbowling.com/storm-alpha-crux-bowling-hooded-tee,static/catalog_images/shst292_c64888f5.webp,Storm Alpha Crux Bowling Hooded Tee,SHST292,$33.00,none,Merchandise,Apparel,https://assets.1.commercebuild.com/d186dcd2044cf54d8e48876defef4907/contents/SHST292/thumbnail/big_SHST292@1.png
https://www.stormbowling.com/products/merchandise/apparel/,https://www.stormbowling.com/products/merchandise/apparel/shst303-storm-equinox-hybrid-tee,static/catalog_images/shst303_d7f32935.webp,Storm Equinox Hybrid Tee,SHST303,$0.00,none,Merchandise,Apparel,https://assets.1.commercebuild.com/d186dcd2044cf54d8e48876defef4907/contents/SHST303/thumbnail/big_SHST303@1.png?v=66c25c5d
https://www.stormbowling.com/products/merchandise/apparel/,https://www.stormbowling.com/storm-fleece-hoodie-glacier-blue,static/catalog_images/shst275_3117416c.webp,Storm Bowling Fleece Hoodie (Glacier Blue),SHST275,$42.90,none,Merchandise,Apparel,https://assets.1.commercebuild.com/d186dcd2044cf54d8e48876defef4907/contents/SHST275/thumbnail/big_SHST275@1.png
https://www.stormbowling.com/products/merchandise/apparel/,https://www.stormbowling.com/storm-fleece-hoodie-black-1985,static/catalog_images/shst276_b2cfae85.webp,"Storm Bowling Fleece Hoodie (Black, 1985 Nightwave)",SHST276,$42.90,none,Merchandise,Apparel,https://assets.1.commercebuild.com/d186dcd2044cf54d8e48876defef4907/contents/SHST276/thumbnail/big_SHST276@1.png
https://www.stormbowling.com/products/merchandise/apparel/,https://www.stormbowling.com/storm-nation-black-collared-shirt,static/catalog_images/shst250_2b65b9ca.webp,STORM NATION BLACK COLLARED SHIRT,SHST250,$36.00,none,Merchandise,Apparel,https://assets.1.commercebuild.com/d186dcd2044cf54d8e48876defef4907/contents/SHST250/thumbnail/middle_SHST250.png
https://www.stormbowling.com/products/merchandise/apparel/,https://www.stormbowling.com/storm-equinox-crewneck-green,static/catalog_images/shst271_774056cf.webp,EQUINOX CREWNECK (GREEN),SHST271,$38.50,none,Merchandise,Apparel,https://assets.1.commercebuild.com/d186dcd2044cf54d8e48876defef4907/contents/SHST271/thumbnail/middle_SHST271.png
https://www.stormbowling.com/products/merchandise/apparel/,https://www.stormbowling.com/storm-womens-fleece-crew-cloudline-gray,static/catalog_images/shst281_03182573.webp,Storm Essentials Women’s Fleece Crew (Cloudline Gray),SHST281,$34.10,none,Merchandise,Apparel,https://assets.1.commercebuild.com/d186dcd2044cf54d8e48876defef4907/contents/SHST281/thumbnail/middle_SHST281@1.png
https://www.stormbowling.com/products/merchandise/apparel/,https://www.stormbowling.com/storm-womens-fleece-crewneck-scoop-hem-ocean-drift,static/catalog_images/shst280_ab85ea73.webp,Storm Essentials Women’s Scoop Hem Fleece Crewneck (Ocean Drift),SHST280,$42.90,none,Merchandise,Apparel,https://assets.1.commercebuild.com/d186dcd2044cf54d8e48876defef4907/contents/SHST280/thumbnail/middle_SHST280@1.png
https://www.stormbowling.com/products/merchandise/apparel/,https://www.stormbowling.com/storm-womens-lifestyle-tee-toast,static/catalog_images/shst277_4c9fff7e.webp,Storm Essentials Women’s Lifestyle Tee (Toast),SHST277,$19.80,none,Merchandise,Apparel,https://assets.1.commercebuild.com/d186dcd2044cf54d8e48876defef4907/contents/SHST277/thumbnail/middle_SHST277@1.png
https://www.stormbowling.com/products/merchandise/apparel/,https://www.stormbowling.com/storm-womens-lifestyle-tee-navy,static/catalog_images/shst278_7790375a.webp,Storm Essentials Women’s Lifestyle Tee (Vintage Navy),SHST278,$19.80,none,Merchandise,Apparel,https://assets.1.commercebuild.com/d186dcd2044cf54d8e48876defef4907/contents/SHST278/thumbnail/middle_SHST278@1.png
https://www.stormbowling.com/products/merchandise/apparel/,https://www.stormbowling.com/storm-womens-lifestyle-tee-green,static/catalog_images/shst279_a72727be.webp,Storm Essentials Women’s Lifestyle Tee (Forest Green),SHST279,$19.80,none,Merchandise,Apparel,https://assets.1.commercebuild.com/d186dcd2044cf54d8e48876defef4907/contents/SHST279/thumbnail/middle_SHST279@1.png
https://www.stormbowling.com/products/merchandise/apparel/,https://www.stormbowling.com/storm-nation-anorak-jacket,static/catalog_images/shst251_1d276a1f.webp,STORM NATION ANORAK JACKET,SHST251,$72.60,none,Merchandise,Apparel,https://assets.1.commercebuild.com/d186dcd2044cf54d8e48876defef4907/contents/SHST251/thumbnail/middle_SHST251.png
https://www.stormbowling.com/products/merchandise/apparel/,https://www.stormbowling.com/storm-tempest-full-zip-jacket-navy,static/catalog_images/shst273_d497eaa9.webp,STORM TEMPEST FULL-ZIP JACKET (NAVY),SHST273,$48.00,none,Merchandise,Apparel,https://assets.1.commercebuild.com/d186dcd2044cf54d8e48876defef4907/contents/SHST273/thumbnail/middle_SHST273.png
https://www.stormbowling.com/products/merchandise/apparel/,https://www.stormbowling.com/storm-tempest-full-zip-jacket-red,static/catalog_images/shst272_6140f1b8.webp,STORM TEMPEST FULL-ZIP JACKET (RED),SHST272,$48.00,none,Merchandise,Apparel,https://assets.1.commercebuild.com/d186dcd2044cf54d8e48876defef4907/contents/SHST272/thumbnail/middle_SHST272.png
https://www.stormbowling.com/products/merchandise/apparel/,https://www.stormbowling.com/storm-nation-jersey-black-white,static/catalog_images/shst258_68f0d5c1.webp,STORM NATION JERSEY (BLACK-WHITE),SHST258,$40.00,none,Merchandise,Apparel,https://assets.1.commercebuild.com/d186dcd2044cf54d8e48876defef4907/contents/SHST258/thumbnail/middle_SHST258@1.png
https://www.stormbowling.com/products/merchandise/apparel/,https://www.stormbowling.com/storm-nation-jersey-green-black,static/catalog_images/shst259_56453219.webp,STORM NATION JERSEY (GREEN-BLACK),SHST259,$40.00,none,Merchandise,Apparel,https://assets.1.commercebuild.com/d186dcd2044cf54d8e48876defef4907/contents/SHST259/thumbnail/middle_SHST259@1.png
https://www.stormbowling.com/products/merchandise/apparel/,https://www.stormbowling.com/storm-flying-s-airstrike-hoodie-white,static/catalog_images/shst264_39f4c860.webp,FLYING S AIRSTRIKE HOODIE (WHITE),SHST264,$37.00,none,Merchandise,Apparel,https://assets.1.commercebuild.com/d186dcd2044cf54d8e48876defef4907/contents/SHST264/thumbnail/middle_white-hoodie.png
https://www.stormbowling.com/products/merchandise/apparel/,https://www.stormbowling.com/storm-flying-s-airstrike-hoodie-teal,static/catalog_images/shst265_21004c0a.webp,FLYING S AIRSTRIKE HOODIE (TEAL),SHST265,$37.00,none,Merchandise,Apparel,https://assets.1.commercebuild.com/d186dcd2044cf54d8e48876defef4907/contents/SHST265/thumbnail/middle_shst265.png
https://www.stormbowling.com/products/merchandise/apparel/,https://www.stormbowling.com/storm-flying-s-airstrike-tee-black,static/catalog_images/shst262_81dc73fc.webp,FLYING S AIRSTRIKE TEE (BLACK),SHST262,$21.00,none,Merchandise,Apparel,https://assets.1.commercebuild.com/d186dcd2044cf54d8e48876defef4907/contents/SHST262/thumbnail/middle_shst262.png
https://www.stormbowling.com/products/merchandise/apparel/,https://www.stormbowling.com/storm-flying-s-airstrike-tee-charcoal,static/catalog_images/shst261_ea2a3c0b.webp,FLYING S AIRSTRIKE TEE (CHARCOAL),SHST261,$21.00,none,Merchandise,Apparel,https://assets.1.commercebuild.com/d186dcd2044cf54d8e48876defef4907/contents/SHST261/thumbnail/middle_shst261.png
https://www.stormbowling.com/products/merchandise/apparel/,https://www.stormbowling.com/storm-flying-s-airstrike-tee-blue,static/catalog_images/shst263_b51c4c7b.webp,FLYING S AIRSTRIKE TEE (BLUE),SHST263,$21.00,none,Merchandise,Apparel,https://assets.1.commercebuild.com/d186dcd2044cf54d8e48876defef4907/contents/SHST263/thumbnail/middle_blue-flying-s.png
https://www.stormbowling.com/products/merchandise/apparel/,https://www.stormbowling.com/storm-bill-c-signature-long-sleeve-tee,static/catalog_images/shst245_dd0632c4.webp,BILL C SIGNATURE LONG SLEEVE TEE,SHST245,$31.00,none,Merchandise,Apparel,https://assets.1.commercebuild.com/d186dcd2044cf54d8e48876defef4907/contents/SHST245/thumbnail/middle_SHST245@1.png
https://www.stormbowling.com/products/merchandise/apparel/,https://www.stormbowling.com/storm-bill-c-signature-short-sleeve-tee,static/catalog_images/shst248_ea956fbb.webp,BILL C SIGNATURE SHORT SLEEVE TEE,SHST248,$22.00,none,Merchandise,Apparel,https://assets.1.commercebuild.com/d186dcd2044cf54d8e48876defef4907/contents/SHST248/thumbnail/middle_SHST248@1.png
https://www.stormbowling.com/products/merchandise/apparel/,https://www.stormbowling.com/storm-bowl-retro-short-sleeve-tee,static/catalog_images/shst256_27082d5f.webp,STORM BOWL RETRO SHORT SLEEVE,SHST256,$20.00,none,Merchandise,Apparel,https://assets.1.commercebuild.com/d186dcd2044cf54d8e48876defef4907/contents/SHST256/thumbnail/middle_SHST256@1.png
https://www.stormbowling.com/products/merchandise/gifts-and-collectibles/,https://www.stormbowling.com/stormopoly-bowling-board-game,static/catalog_images/ac830_1184277d.webp,Stormopoly | Storm Bowling Monopoly-Style Board Game,AC830,$24.95,none,Merchandise,Gifts And Collectibles,https://assets.1.commercebuild.com/d186dcd2044cf54d8e48876defef4907/contents/AC830/thumbnail/big_AC830@1.png
https://www.stormbowling.com/products/merchandise/gifts-and-collectibles/,https://www.stormbowling.com/storm-coil,static/catalog_images/ac230_5bb9c6aa.webp,STORM COIL,AC230,$2.50,none,Merchandise,Gifts And Collectibles,https://assets.1.commercebuild.com/d186dcd2044cf54d8e48876defef4907/contents/AC230/thumbnail/big_AC230@1.png
https://www.stormbowling.com/products/merchandise/gifts-and-collectibles/,https://www.stormbowling.com/storm-logo-charm-electric-blue,static/catalog_images/ac803eb_3aa5707e.webp,STORM LOGO CHARM ELECTRIC BLUE,AC803EB,$2.00,none,Merchandise,Gifts And Collectibles,https://assets.1.commercebuild.com/d186dcd2044cf54d8e48876defef4907/contents/AC803EB/thumbnail/big_AC803EB@2.png
https://www.stormbowling.com/products/merchandise/gifts-and-collectibles/,https://www.stormbowling.com/storm-logo-charm-teal,static/catalog_images/ac803t_8da38d85.webp,STORM LOGO CHARM TEAL,AC803T,$2.00,none,Merchandise,Gifts And Collectibles,https://assets.1.commercebuild.com/d186dcd2044cf54d8e48876defef4907/contents/AC803T/thumbnail/big_AC803T@2.png
https://www.stormbowling.com/products/merchandise/gifts-and-collectibles/,https://www.stormbowling.com/storm-16-oz-clear-tumbler-ptlp,static/catalog_images/ac948_ec641661.webp,PTLP 16OZ CLEAR GEO TUMBLER,AC948,$16.99,none,Merchandise,Gifts And Collectibles,https://assets.1.commercebuild.com/d186dcd2044cf54d8e48876defef4907/contents/AC948/thumbnail/middle_AC948@2.png
https://www.stormbowling.com/products/merchandise/gifts-and-collectibles/,https://www.stormbowling.com/storm-carded-lapel-pin-oval-bolt,static/catalog_images/ac953ob_9ccb473f.webp,CARDED LAPEL PIN OVAL BOLT,AC953OB,$4.40,none,Merchandise,Gifts And Collectibles,https://assets.1.commercebuild.com/d186dcd2044cf54d8e48876defef4907/contents/AC953OB/thumbnail/middle_AC953OB@2.png
https://www.stormbowling.com/products/merchandise/gifts-and-collectibles/,https://www.stormbowling.com/storm-carded-lapel-pin-storm-nation,static/catalog_images/ac953sn_7d299a77.webp,CARDED LAPEL PIN STORM NATION,AC953SN,$4.40,none,Merchandise,Gifts And Collectibles,https://assets.1.commercebuild.com/d186dcd2044cf54d8e48876defef4907/contents/AC953SN/thumbnail/middle_AC953SN@2.png
https://www.stormbowling.com/products/merchandise/gifts-and-collectibles/,https://www.stormbowling.com/storm-carded-lapel-pin-storm,static/catalog_images/ac953st_d82e325a.webp,CARDED LAPEL PIN STORM,AC953ST,$4.40,none,Merchandise,Gifts And Collectibles,https://assets.1.commercebuild.com/d186dcd2044cf54d8e48876defef4907/contents/AC953ST/thumbnail/middle_AC953ST@2.png
https://www.stormbowling.com/products/merchandise/gifts-and-collectibles/,https://www.stormbowling.com/storm-rolling-thunder-3-ball-signature-bag-ptlp,static/catalog_images/37137_d38be893.webp,3 BALL ROLLING THUNDER (PTLP),37137,OUT_OF_STOCK,none,Merchandise,Gifts And Collectibles,https://assets.1.commercebuild.com/d186dcd2044cf54d8e48876defef4907/contents/37137/thumbnail/middle_Storm_PTLP_Bag_2023.png
https://www.stormbowling.com/products/bowling-essentials/pro-shop-supplies/24/1/2/,https://www.stormbowling.com/master-speed-plug-concetrate,static/catalog_images/m762_21dc2db8.webp,SPEED-PLUG™ COLOR CONCENTRATE,M762,$7.00,none,Bowling Essentials,Pro Shop Supplies,https://assets.1.commercebuild.com/d186dcd2044cf54d8e48876defef4907/contents/M762/thumbnail/big_M762.png
https://www.stormbowling.com/products/bowling-essentials/pro-shop-supplies/24/1/2/,https://www.stormbowling.com/master-mixing-cups-100-ct,static/catalog_images/m770_6795b7ff.webp,MIXING CUPS (100 CT),M770,$28.00,none,Bowling Essentials,Pro Shop Supplies,https://assets.1.commercebuild.com/d186dcd2044cf54d8e48876defef4907/contents/M770/thumbnail/big_M770.png
https://www.stormbowling.com/products/bowling-essentials/pro-shop-supplies/24/1/2/,https://www.stormbowling.com/master-kwik-patch-kit,static/catalog_images/m730_4bf96ed6.webp,KWIK PATCH KIT,M730,$28.00,none,Bowling Essentials,Pro Shop Supplies,https://assets.1.commercebuild.com/d186dcd2044cf54d8e48876defef4907/contents/M730/thumbnail/big_M730.png
https://www.stormbowling.com/products/bowling-essentials/pro-shop-supplies/24/1/2/,https://www.stormbowling.com/master-kwik-patch-clear-filler,static/catalog_images/m731_876cc2f9.webp,KWIK-PATCH™ CLEAR FILLER,M731,$25.00,none,Bowling Essentials,Pro Shop Supplies,https://assets.1.commercebuild.com/d186dcd2044cf54d8e48876defef4907/contents/M731/thumbnail/big_M731.png
https://www.stormbowling.com/products/bowling-essentials/pro-shop-supplies/24/1/2/,https://www.stormbowling.com/kwik-patch-accelerator,static/catalog_images/m732_2e259488.webp,KWIK PATCH ACCELERATOR,M732,$9.75,none,Bowling Essentials,Pro Shop Supplies,https://assets.1.commercebuild.com/d186dcd2044cf54d8e48876defef4907/contents/M732/thumbnail/middle_M732.png
https://www.stormbowling.com/products/bowling-essentials/supports-gloves/24/1/2/,https://www.stormbowling.com/master-wrister-wrap,static/catalog_images/m55_67499d2a.webp,WRISTER WRAP +,M55,$8.00,none,Bowling Essentials,Supports Gloves,https://assets.1.commercebuild.com/d186dcd2044cf54d8e48876defef4907/contents/M55/thumbnail/big_big_M55.png
https://www.stormbowling.com/products/bowling-essentials/supports-gloves/24/1/2/,https://www.stormbowling.com/master-wrister,static/catalog_images/m49_635f7fcc.webp,WRISTER,M49,$10.00,none,Bowling Essentials,Supports Gloves,https://assets.1.commercebuild.com/d186dcd2044cf54d8e48876defef4907/contents/M49/thumbnail/big_M49_Wrister_red_(3)-Z.png
https://www.stormbowling.com/products/bowling-essentials/supports-gloves/24/1/2/,https://www.stormbowling.com/master-deluxe-bowling-wrist-glove,static/catalog_images/m58_e965234b.webp,DELUXE WRIST GLOVE,M58,$21.00,none,Bowling Essentials,Supports Gloves,https://assets.1.commercebuild.com/d186dcd2044cf54d8e48876defef4907/contents/M58/thumbnail/big_M58.png
https://www.stormbowling.com/products/bowling-essentials/supports-gloves/24/1/2/,https://www.stormbowling.com/master-bowling-wrist-guard,static/catalog_images/m1073_63bb42cd.webp,WRIST GUARD EACH,M1073,$4.00,none,Bowling Essentials,Supports Gloves,https://assets.1.commercebuild.com/d186dcd2044cf54d8e48876defef4907/contents/M1073/thumbnail/big_M73_Wrist_Guard_combined_(2)-Z.png
https://www.stormbowling.com/products/bowling-essentials/supports-gloves/24/1/2/,https://www.stormbowling.com/master-wrist-guard-extended-length,static/catalog_images/m1073l_cd4fb770.webp,WRIST GUARD - EXTENDED LENGTH,M1073L,$6.18,none,Bowling Essentials,Supports Gloves,https://assets.1.commercebuild.com/d186dcd2044cf54d8e48876defef4907/contents/M1073L/thumbnail/middle_M1073L.png
https://www.stormbowling.com/products/bowling-essentials/supports-gloves/24/1/2/,https://www.stormbowling.com/master-pro-elbow-support,static/catalog_images/m1070_30f2ec75.webp,PRO ELBOW SUPPORT,M1070,$6.00,none,Bowling Essentials,Supports Gloves,https://assets.1.commercebuild.com/d186dcd2044cf54d8e48876defef4907/contents/M1070/thumbnail/middle_M1070.png
https://www.stormbowling.com/products/equipment/bowling-bags/24/1/2/,https://www.stormbowling.com/storm-rolling-thunder-2-ball-abstract-purple-black,static/catalog_images/27138_4b4e310b.webp,2-BALL ROLLING THUNDER (ABSTRACT PURPLE-BLACK),27138,$119.00,none,Equipment,Bowling Bags,https://assets.1.commercebuild.com/d186dcd2044cf54d8e48876defef4907/contents/27138/thumbnail/big_St_2b_roller_Abstract_Purple.png
https://www.stormbowling.com/products/equipment/bowling-bags/24/1/2/,https://www.stormbowling.com/storm-2-ball-streamline-black-red,static/catalog_images/2041_00ccb0e5.webp,2-Ball Streamline Bowling Bag (Black/Red),2041,OUT_OF_STOCK,none,Equipment,Bowling Bags,https://assets.1.commercebuild.com/d186dcd2044cf54d8e48876defef4907/contents/2041/thumbnail/big_2041@1.png
https://www.stormbowling.com/products/equipment/bowling-bags/24/1/2/,https://www.stormbowling.com/storm-2-ball-streamline-navy-gray,static/catalog_images/2040_b4fdbe82.webp,2-Ball Streamline Bowling Bag (Navy/Gray),2040,OUT_OF_STOCK,none,Equipment,Bowling Bags,https://assets.1.commercebuild.com/d186dcd2044cf54d8e48876defef4907/contents/2040/thumbnail/big_2040@1.png
https://www.stormbowling.com/products/equipment/bowling-bags/24/1/2/,https://www.stormbowling.com/storm-2-ball-streamline-black-aqua,static/catalog_images/2043_5af90b04.webp,2-Ball Streamline Bowling Bag (Black/Aqua),2043,OUT_OF_STOCK,none,Equipment,Bowling Bags,https://assets.1.commercebuild.com/d186dcd2044cf54d8e48876defef4907/contents/2043/thumbnail/big_2043@1.png
https://www.stormbowling.com/products/equipment/bowling-bags/24/1/2/,https://www.stormbowling.com/storm-2-ball-streamline-teal-gray,static/catalog_images/2042_375446be.webp,2-Ball Streamline Bowling Bag (Teal/Gray),2042,OUT_OF_STOCK,none,Equipment,Bowling Bags,https://assets.1.commercebuild.com/d186dcd2044cf54d8e48876defef4907/contents/2042/thumbnail/middle_2042@1.png
https://www.stormbowling.com/products/equipment/bowling-bags/24/1/2/,https://www.stormbowling.com/storm-2-ball-streamline-lime-gray,static/catalog_images/2039_7c893d2a.webp,2-BALL STREAMLINE WATERMELON SUGAR (LIME-GREY),2039,$88.00,none,Equipment,Bowling Bags,https://assets.1.commercebuild.com/d186dcd2044cf54d8e48876defef4907/contents/2039/thumbnail/middle_2039@2.png
https://www.stormbowling.com/products/equipment/bowling-bags/24/1/2/,https://www.stormbowling.com/storm-2-ball-streamline-black-blue,static/catalog_images/2036_fdf51de3.webp,2-BALL STREAMLINE (BLACK-BLUE),2036,$88.00,none,Equipment,Bowling Bags,https://assets.1.commercebuild.com/d186dcd2044cf54d8e48876defef4907/contents/2036/thumbnail/middle_2036@2.png
https://www.stormbowling.com/products/equipment/bowling-bags/24/1/2/,https://www.stormbowling.com/roto-grip-2-ball-bag-achromatic,static/catalog_images/r2308_dd8b6989.webp,2-BALL ROLLER ACHROMATIC,R2308,$119.00,none,Equipment,Bowling Bags,https://assets.1.commercebuild.com/d186dcd2044cf54d8e48876defef4907/contents/R2308/thumbnail/middle_RG_2b_roller_gray.png
https://www.stormbowling.com/products/equipment/bowling-bags/24/1/2/,https://www.stormbowling.com/products/equipment/bowling-bags/r2307-roto-2-ball-a-s-e-roller-competitor,static/catalog_images/r2307_5c17d99a.webp,2-BALL ROLLER COMPETITOR SERIES,R2307,$119.00,none,Equipment,Bowling Bags,https://assets.1.commercebuild.com/d186dcd2044cf54d8e48876defef4907/contents/R2307/thumbnail/middle_R2307@2.png
https://www.stormbowling.com/products/equipment/bowling-bags/24/1/2/,https://www.stormbowling.com/roto-grip-2-ball-bag-blackout,static/catalog_images/r2305_6b9ad53d.webp,2-BALL ALL-STAR EDITION ROLLER,R2305,$119.00,none,Equipment,Bowling Bags,https://assets.1.commercebuild.com/d186dcd2044cf54d8e48876defef4907/contents/R2305/thumbnail/middle_R2305@2.png
https://www.stormbowling.com/products/equipment/bowling-bags/24/1/2/,https://www.stormbowling.com/900-global-2-ball-deluxe-roller,static/catalog_images/gb2901_0e87f6bf.webp,900 Global 2-Ball Deluxe Roller (Black-Gold),GB2901,$127.00,none,Equipment,Bowling Bags,https://assets.1.commercebuild.com/d186dcd2044cf54d8e48876defef4907/contents/GB2901/thumbnail/middle_GB2901@1.png
https://www.stormbowling.com/products/equipment/bowling-bags/24/1/2/,https://www.stormbowling.com/storm-2-ball-bag-deluxe-abstract-purple-black,static/catalog_images/25135_64835a33.webp,2-BALL DELUXE TOTE (ABSTRACT PURPLE-BLACK),25135,$29.00,none,Equipment,Bowling Bags,https://assets.1.commercebuild.com/d186dcd2044cf54d8e48876defef4907/contents/25135/thumbnail/middle_St_Bag_Images_2b_tote_deluxe-Abstract_Purple.png
https://www.stormbowling.com/products/equipment/bowling-bags/24/1/2/,https://www.stormbowling.com/storm-2-ball-bag-deluxe-steel-blue-black,static/catalog_images/25136_304eddc8.webp,2-BALL DELUXE TOTE (STEEL BLUE-BLACK),25136,$29.00,none,Equipment,Bowling Bags,https://assets.1.commercebuild.com/d186dcd2044cf54d8e48876defef4907/contents/25136/thumbnail/middle_St_Bag_Images_2b_tote_deluxe-Steel_Blue.png
https://www.stormbowling.com/products/equipment/bowling-bags/24/1/2/,https://www.stormbowling.com/storm-2-ball-bag-tote-abstract-purple-black,static/catalog_images/26135_66f222e2.webp,2-BALL TOTE (ABSTRACT PURPLE-BLACK),26135,$27.00,none,Equipment,Bowling Bags,https://assets.1.commercebuild.com/d186dcd2044cf54d8e48876defef4907/contents/26135/thumbnail/middle_St_Bag_Images_2b_tote-Abstract_Purple.png
https://www.stormbowling.com/products/equipment/bowling-bags/24/1/2/,https://www.stormbowling.com/storm-2-ball-bag-tote-steel-blue-black,static/catalog_images/26136_be39f0d3.webp,2-BALL TOTE (STEEL BLUE-BLACK),26136,$27.00,none,Equipment,Bowling Bags,https://assets.1.commercebuild.com/d186dcd2044cf54d8e48876defef4907/contents/26136/thumbnail/middle_St_Bag_Images_2b_tote-Electric_Blue.png
https://www.stormbowling.com/products/equipment/bowling-bags/24/1/2/,https://www.stormbowling.com/roto-grip-tour-tote-2-ball-bag-achromatic,static/catalog_images/r2208_70d15e95.webp,2-BALL TOUR TOTE ACHROMATIC,R2208,$30.00,none,Equipment,Bowling Bags,https://assets.1.commercebuild.com/d186dcd2044cf54d8e48876defef4907/contents/R2208/thumbnail/middle_RG_2b_tote_gray.png
https://www.stormbowling.com/products/equipment/bowling-bags/24/1/2/,https://www.stormbowling.com/roto-grip-caryall-tote-2-ball-bag-competitor,static/catalog_images/r2207_b5fe99af.webp,2-BALL CARRYALL TOTE COMPETITOR SERIES,R2207,$30.00,none,Equipment,Bowling Bags,https://assets.1.commercebuild.com/d186dcd2044cf54d8e48876defef4907/contents/R2207/thumbnail/middle_R2207@2.png
https://www.stormbowling.com/products/equipment/bowling-bags/24/1/2/,https://www.stormbowling.com/storm-rascal-1-ball-roller-bag-black,static/catalog_images/1126_fae7e1a5.webp,1-BALL RASCAL ROLLER (BLACK),1126,$58.00,none,Equipment,Bowling Bags,https://assets.1.commercebuild.com/d186dcd2044cf54d8e48876defef4907/contents/1126/thumbnail/middle_1126@2.png
https://www.stormbowling.com/products/equipment/bowling-bags/24/1/2/,https://www.stormbowling.com/storm-rascal-1-ball-roller-bag-pink,static/catalog_images/1127_5d6ddee8.webp,1-BALL RASCAL ROLLER (BLACK-PINK),1127,$58.00,none,Equipment,Bowling Bags,https://assets.1.commercebuild.com/d186dcd2044cf54d8e48876defef4907/contents/1127/thumbnail/middle_2821.png
https://www.stormbowling.com/products/equipment/bowling-bags/24/1/2/,https://www.stormbowling.com/storm-rascal-1-ball-roller-bag-black-red,static/catalog_images/1128_9ad24234.webp,1-BALL RASCAL ROLLER (BLACK-RED),1128,$58.00,none,Equipment,Bowling Bags,https://assets.1.commercebuild.com/d186dcd2044cf54d8e48876defef4907/contents/1128/thumbnail/middle_1128@2.png
https://www.stormbowling.com/products/equipment/bowling-bags/24/1/2/,https://www.stormbowling.com/storm-rascal-1-ball-roller-bag-amethyst,static/catalog_images/1134_254fda14.webp,1-BALL RASCAL ROLLER (BLACK-AMETHYST),1134,$49.00,none,Equipment,Bowling Bags,https://assets.1.commercebuild.com/d186dcd2044cf54d8e48876defef4907/contents/1134/thumbnail/middle_1134@2.png
https://www.stormbowling.com/products/equipment/bowling-bags/24/1/2/,https://www.stormbowling.com/storm-rascal-1-ball-roller-bag-dye-sub,static/catalog_images/1135_1aacabbc.webp,1-BALL RASCAL ROLLER (DYE SUB),1135,$49.00,none,Equipment,Bowling Bags,https://assets.1.commercebuild.com/d186dcd2044cf54d8e48876defef4907/contents/1135/thumbnail/middle_1135@2.png
https://www.stormbowling.com/products/equipment/bowling-bags/24/1/2/,https://www.stormbowling.com/storm-1-ball-solo-tote-bag-black,static/catalog_images/161_0c540092.webp,1-BALL SOLO (BLACK),161,$23.00,none,Equipment,Bowling Bags,https://assets.1.commercebuild.com/d186dcd2044cf54d8e48876defef4907/contents/161/thumbnail/middle_161@2.png
https://www.stormbowling.com/products/equipment/bowling-bags/24/1/2/,https://www.stormbowling.com/storm-1-ball-solo-tote-bag-black-royal,static/catalog_images/162_6e80e55d.webp,1-BALL SOLO (BLUE),162,$23.00,none,Equipment,Bowling Bags,https://assets.1.commercebuild.com/d186dcd2044cf54d8e48876defef4907/contents/162/thumbnail/middle_162@2.png
https://www.stormbowling.com/products/equipment/bowling-bags/24/1/3/,https://www.stormbowling.com/storm-1-ball-solo-tote-bag-black-red,static/catalog_images/164_0b3bad90.webp,1-BALL SOLO (RED),164,$23.00,none,Equipment,Bowling Bags,https://assets.1.commercebuild.com/d186dcd2044cf54d8e48876defef4907/contents/164/thumbnail/big_164@2.png
https://www.stormbowling.com/products/equipment/bowling-bags/24/1/3/,https://www.stormbowling.com/storm-1-ball-solo-tote-bag-black-pink,static/catalog_images/168_193b5d0c.webp,1-BALL SOLO (PINK),168,$23.00,none,Equipment,Bowling Bags,https://assets.1.commercebuild.com/d186dcd2044cf54d8e48876defef4907/contents/168/thumbnail/big_168@2.png
https://www.stormbowling.com/products/equipment/bowling-bags/24/1/3/,https://www.stormbowling.com/storm-1-ball-solo-tote-bag-amethyst,static/catalog_images/190_024e2fdd.webp,1-BALL SOLO TOTE (BLACK-AMETHYST),190,$19.00,none,Equipment,Bowling Bags,https://assets.1.commercebuild.com/d186dcd2044cf54d8e48876defef4907/contents/190/thumbnail/big_190@2.png
https://www.stormbowling.com/products/equipment/bowling-bags/24/1/3/,https://www.stormbowling.com/storm-1-ball-solo-tote-bag-dye-sub,static/catalog_images/193_a8f97682.webp,1-BALL SOLO TOTE (DYE SUB),193,$19.00,none,Equipment,Bowling Bags,https://assets.1.commercebuild.com/d186dcd2044cf54d8e48876defef4907/contents/193/thumbnail/big_193@2.png
https://www.stormbowling.com/products/equipment/bowling-bags/24/1/3/,https://www.stormbowling.com/storm-1-ball-solo-tote-bag-silver-black,static/catalog_images/195_cc33144a.webp,1-BALL SOLO TOTE SILVER SHADOW (SILVER-BLACK),195,$23.00,none,Equipment,Bowling Bags,https://assets.1.commercebuild.com/d186dcd2044cf54d8e48876defef4907/contents/195/thumbnail/middle_195@2.png
https://www.stormbowling.com/products/equipment/bowling-bags/24/1/3/,https://www.stormbowling.com/storm-1-ball-solo-tote-bag-lime-gray,static/catalog_images/196_72266aed.webp,1-BALL SOLO TOTE WATERMELON SUGAR (LIME-GRAY),196,$23.00,none,Equipment,Bowling Bags,https://assets.1.commercebuild.com/d186dcd2044cf54d8e48876defef4907/contents/196/thumbnail/middle_196@2.png
https://www.stormbowling.com/products/equipment/bowling-bags/24/1/3/,https://www.stormbowling.com/storm-1-ball-flip-tote-bag-electric-blue,static/catalog_images/17142_3af8e19b.webp,1-BALL FLIP TOTE (BLACK-ELECTRIC BLUE),17142,$29.00,none,Equipment,Bowling Bags,https://assets.1.commercebuild.com/d186dcd2044cf54d8e48876defef4907/contents/17142/thumbnail/middle_St_Bag_Images_1b_flip-Electric_Blue.png
https://www.stormbowling.com/products/equipment/bowling-bags/24/1/3/,https://www.stormbowling.com/storm-1-ball-flip-tote-bag-seafoam,static/catalog_images/17143_740f1860.webp,1-BALL FLIP TOTE (BLACK-SEA FOAM),17143,$29.00,none,Equipment,Bowling Bags,https://assets.1.commercebuild.com/d186dcd2044cf54d8e48876defef4907/contents/17143/thumbnail/middle_St_Bag_Images_1b_flip-Seafoam_jpg.png
https://www.stormbowling.com/products/equipment/bowling-bags/24/1/3/,https://www.stormbowling.com/storm-1-ball-flip-tote-bag-red,static/catalog_images/17130_e3e858db.webp,1-BALL FLIP TOTE (RED),17130,$29.00,none,Equipment,Bowling Bags,https://assets.1.commercebuild.com/d186dcd2044cf54d8e48876defef4907/contents/17130/thumbnail/middle_17130@2.png
https://www.stormbowling.com/products/equipment/bowling-bags/24/1/3/,https://www.stormbowling.com/storm-1-ball-flip-tote-bag-royal,static/catalog_images/17131_34050883.webp,1-BALL FLIP TOTE (ROYAL),17131,$29.00,none,Equipment,Bowling Bags,https://assets.1.commercebuild.com/d186dcd2044cf54d8e48876defef4907/contents/17131/thumbnail/middle_17131@2.png
https://www.stormbowling.com/products/equipment/bowling-bags/24/1/3/,https://www.stormbowling.com/storm-1-ball-flip-tote-bag-purple,static/catalog_images/17133_7caba550.webp,1-BALL FLIP TOTE (PURPLE),17133,$29.00,none,Equipment,Bowling Bags,https://assets.1.commercebuild.com/d186dcd2044cf54d8e48876defef4907/contents/17133/thumbnail/middle_17133@2.png
https://www.stormbowling.com/products/equipment/bowling-bags/24/1/3/,https://www.stormbowling.com/storm-1-ball-flip-tote-bag-black,static/catalog_images/17134_2fc5549b.webp,1-BALL FLIP TOTE (BLACK),17134,$29.00,none,Equipment,Bowling Bags,https://assets.1.commercebuild.com/d186dcd2044cf54d8e48876defef4907/contents/17134/thumbnail/middle_17134@2.png
https://www.stormbowling.com/products/equipment/bowling-bags/24/1/3/,https://www.stormbowling.com/storm-1-ball-flip-tote-bag-amethyst,static/catalog_images/17140_4cf3eb8e.webp,1-BALL FLIP TOTE (BLACK-AMETHYST),17140,$25.00,none,Equipment,Bowling Bags,https://assets.1.commercebuild.com/d186dcd2044cf54d8e48876defef4907/contents/17140/thumbnail/middle_17140@2.png
https://www.stormbowling.com/products/equipment/bowling-bags/24/1/3/,https://www.stormbowling.com/storm-1-ball-flip-tote-bag-dye-sub,static/catalog_images/17141_c17ff45c.webp,1-BALL TOTE FLIP (DYE SUB),17141,$25.00,none,Equipment,Bowling Bags,https://assets.1.commercebuild.com/d186dcd2044cf54d8e48876defef4907/contents/17141/thumbnail/middle_17141@2.png
https://www.stormbowling.com/products/equipment/bowling-bags/24/1/3/,https://www.stormbowling.com/storm-1-ball-spare-kit-bag,static/catalog_images/13_5dee3192.webp,1-BALL SPARE KIT,13,$15.00,none,Equipment,Bowling Bags,https://assets.1.commercebuild.com/d186dcd2044cf54d8e48876defef4907/contents/13/thumbnail/middle_13@2.png
https://www.stormbowling.com/products/equipment/bowling-bags/24/1/3/,https://www.stormbowling.com/storm-shoe-bag-black-blue,static/catalog_images/3509_2b9bb2e3.webp,STORM SHOE BAG BLACK/BLUE,3509,$20.00,none,Equipment,Bowling Bags,https://assets.1.commercebuild.com/d186dcd2044cf54d8e48876defef4907/contents/3509/thumbnail/middle_3509@2.png
https://www.stormbowling.com/products/equipment/bowling-bags/24/1/3/,https://www.stormbowling.com/roto-grip-mvp-accessory-case-competitor,static/catalog_images/rg1007_5445b601.webp,ROTO MVP+ ACCESSORY CASE COMPETITOR,RG1007,$42.00,none,Equipment,Bowling Bags,https://assets.1.commercebuild.com/d186dcd2044cf54d8e48876defef4907/contents/RG1007/thumbnail/middle_RG1007@2.png
https://www.stormbowling.com/products/equipment/bowling-bags/24/1/3/,https://www.stormbowling.com/roto-grip-1-ball-bag-competitor,static/catalog_images/rg1107_f3f5cc08.webp,ROTO CADDY COMPETITOR,RG1107,$17.00,none,Equipment,Bowling Bags,https://assets.1.commercebuild.com/d186dcd2044cf54d8e48876defef4907/contents/RG1107/thumbnail/middle_RG1107@2.png
https://www.stormbowling.com/products/equipment/bowling-bags/24/1/3/,https://www.stormbowling.com/roto-grip-1-ball-bag-blackout,static/catalog_images/rg1105_fd8123fe.webp,ROTO CADDY BLACKOUT,RG1105,$17.00,none,Equipment,Bowling Bags,https://assets.1.commercebuild.com/d186dcd2044cf54d8e48876defef4907/contents/RG1105/thumbnail/middle_RG1105@2.png
https://www.stormbowling.com/products/equipment/bowling-bags/24/1/3/,https://www.stormbowling.com/roto-grip-topliner-backpack-competitor,static/catalog_images/rg1207_906a03e8.webp,TOPLINER BACKPACK COMPETITOR SERIES,RG1207,$72.00,none,Equipment,Bowling Bags,https://assets.1.commercebuild.com/d186dcd2044cf54d8e48876defef4907/contents/RG1207/thumbnail/middle_RG1207@2.png
https://www.stormbowling.com/products/equipment/bowling-bags/24/1/3/,https://www.stormbowling.com/roto-grip-mvp-backpack-achromatic,static/catalog_images/rg1208_9cacfed0.webp,MVP+ BACKPACK ACHROMATIC,RG1208,$88.00,none,Equipment,Bowling Bags,https://assets.1.commercebuild.com/d186dcd2044cf54d8e48876defef4907/contents/RG1208/thumbnail/middle_RG_MVP_Backpack_gray.png
https://www.stormbowling.com/products/equipment/bowling-bags/24/1/3/,https://www.stormbowling.com/900-global-backpack-camo,static/catalog_images/gb1200_28027b8a.webp,900 GLOBAL BACKPACK CAMO,GB1200,$44.00,none,Equipment,Bowling Bags,https://assets.1.commercebuild.com/d186dcd2044cf54d8e48876defef4907/contents/GB1200/thumbnail/middle_GB1200.png
https://www.stormbowling.com/products/equipment/bowling-bags/24/1/3/,https://www.stormbowling.com/storm-4-ball-case-box-tote,static/catalog_images/4500_cf3cbe11.webp,4-BALL CASE BOX TOTE,4500,$22.00,none,Equipment,Bowling Bags,https://assets.1.commercebuild.com/d186dcd2044cf54d8e48876defef4907/contents/4500/thumbnail/middle_Storm_4-ball_tote_-_4500_(1).png
https://www.stormbowling.com/products/equipment/bowling-bags/24/1/3/,https://www.stormbowling.com/storm-deluxe-backpack-black,static/catalog_images/ac1250_b2dcce0c.webp,STORM DELUXE BACKPACK,AC1250,$67.00,none,Equipment,Bowling Bags,https://assets.1.commercebuild.com/d186dcd2044cf54d8e48876defef4907/contents/AC1250/thumbnail/middle_AC1250@2.png
https://www.stormbowling.com/products/equipment/bowling-bags/24/1/4/,https://www.stormbowling.com/storm-deluxe-backpack-blue-gray,static/catalog_images/ac1202_cdae9bff.webp,STORM BACKPACK,AC1202,$42.00,none,Equipment,Bowling Bags,https://assets.1.commercebuild.com/d186dcd2044cf54d8e48876defef4907/contents/AC1202/thumbnail/big_AC1202@2.png
https://www.stormbowling.com/products/equipment/bowling-bags/24/1/4/,https://www.stormbowling.com/products/equipment/bowling-bags/10-accessory-bag,static/catalog_images/10_aeb70c0e.webp,ACCESSORY BAG,10,$15.00,none,Equipment,Bowling Bags,https://assets.1.commercebuild.com/d186dcd2044cf54d8e48876defef4907/contents/10/thumbnail/big_10@2.png
https://www.stormbowling.com/products/equipment/bowling-bags/24/1/4/,https://www.stormbowling.com/900-global-2-ball-deluxe-tote,static/catalog_images/gb2801_3587ecf7.webp,900 Global 2-Ball Deluxe Tote (Black-Gold),GB2801,$29.00,none,Equipment,Bowling Bags,https://assets.1.commercebuild.com/d186dcd2044cf54d8e48876defef4907/contents/GB2801/thumbnail/big_GB2801@1.png
https://www.stormbowling.com/products/equipment/bowling-bags/24/1/4/,https://www.stormbowling.com/storm-4-ball-streamline-teal-gray,static/catalog_images/4042_bfee54f1.webp,4-Ball Streamline Bowling Bag (Teal/Gray),4042,OUT_OF_STOCK,none,Equipment,Bowling Bags,https://assets.1.commercebuild.com/d186dcd2044cf54d8e48876defef4907/contents/4042/thumbnail/middle_4042@1.png
https://www.stormbowling.com/products/equipment/bowling-bags/24/1/4/,https://www.stormbowling.com/storm-4-ball-streamline-black-red,static/catalog_images/4041_3cb73d28.webp,4-Ball Streamline Bowling Bag (Black/Red),4041,OUT_OF_STOCK,none,Equipment,Bowling Bags,https://assets.1.commercebuild.com/d186dcd2044cf54d8e48876defef4907/contents/4041/thumbnail/middle_4041@1.png
https://www.stormbowling.com/products/equipment/bowling-bags/24/1/4/,https://www.stormbowling.com/storm-4-ball-streamline-navy-gray,static/catalog_images/4040_be9e0ef8.webp,4-Ball Streamline Bowling Bag (Navy/Gray),4040,OUT_OF_STOCK,none,Equipment,Bowling Bags,https://assets.1.commercebuild.com/d186dcd2044cf54d8e48876defef4907/contents/4040/thumbnail/middle_4040@1.png
https://www.stormbowling.com/products/equipment/bowling-balls/24/1/2/,https://www.stormbowling.com/storm-tropical-surge-bowling-ball-black-cherry,static/catalog_images/bt1tqy_c96e279d.webp,TROPICAL SURGE BLACK-CHERRY,BT1TQY,$85.00,none,Equipment,Bowling Balls,https://assets.1.commercebuild.com/d186dcd2044cf54d8e48876defef4907/contents/BT1TQY/BT1TQY.png
https://www.stormbowling.com/products/equipment/bowling-balls/24/1/2/,https://www.stormbowling.com/storm-tropical-surge-bowling-ball-teal-blue,static/catalog_images/bt1tqz_7836af4e.webp,TROPICAL SURGE TEAL-BLUE,BT1TQZ,$85.00,none,Equipment,Bowling Balls,https://assets.1.commercebuild.com/d186dcd2044cf54d8e48876defef4907/contents/BT1TQZ/3D_Ball_-_Teal_Blue_PNG.png?v=4bb2c98c
https://www.stormbowling.com/products/equipment/bowling-balls/24/1/2/,https://www.stormbowling.com/storm-tropical-surge-bowling-ball-silver-purple,static/catalog_images/bt1vvu_28778a83.webp,TROPICAL SURGE SILVER-PURPLE,BT1VVU,OUT_OF_STOCK,none,Equipment,Bowling Balls,https://assets.1.commercebuild.com/d186dcd2044cf54d8e48876defef4907/contents/BT1VVU/Tropical_Surge_Silver-Purple.png
https://www.stormbowling.com/products/equipment/bowling-balls/24/1/2/,https://www.stormbowling.com/storm-tropical-surge-bowling-ball-emerald-charcoal,static/catalog_images/bt1vec_c9dc83bd.webp,TROPICAL SURGE EMERALD-CHARCOAL,BT1VEC,OUT_OF_STOCK,none,Equipment,Bowling Balls,https://assets.1.commercebuild.com/d186dcd2044cf54d8e48876defef4907/contents/BT1VEC/BT1VEC.png
https://www.stormbowling.com/products/equipment/bowling-balls/24/1/2/,https://www.stormbowling.com/storm-tropical-surge-bowling-ball-pink-purple,static/catalog_images/bt1tqi_afd274e0.webp,TROPICAL SURGE PINK-PURPLE,BT1TQI,$85.00,none,Equipment,Bowling Balls,https://assets.1.commercebuild.com/d186dcd2044cf54d8e48876defef4907/contents/BT1TQI/Tropical_Surge_Pink-Purple.png
https://www.stormbowling.com/products/equipment/bowling-balls/24/1/2/,https://www.stormbowling.com/storm-norm-duke-clear-bowling-ball,static/catalog_images/bbpvnd_f1159175.webp,Storm Norm Duke Clear,BBPVND,$120.00,none,Equipment,Bowling Balls,https://assets.1.commercebuild.com/d186dcd2044cf54d8e48876defef4907/contents/BBPVND/BBPVND@1.png
https://www.stormbowling.com/products/equipment/bowling-balls/24/1/2/,https://www.stormbowling.com/storm-clear-storm-teal-bowling-ball,static/catalog_images/bbpvrt_d1533c70.webp,CLEAR STORM TEAL,BBPVRT,$120.00,none,Equipment,Bowling Balls,https://assets.1.commercebuild.com/d186dcd2044cf54d8e48876defef4907/contents/BBPVRT/BBPVRT.png
https://www.stormbowling.com/products/equipment/bowling-balls/24/1/2/,https://www.stormbowling.com/storm-lightning-storm-clear-bowling-ball,static/catalog_images/bbpvcl_11a7bff9.webp,LIGHTNING STORM CLEAR,BBPVCL,$140.00,,Equipment,Bowling Balls,https://assets.1.commercebuild.com/d186dcd2044cf54d8e48876defef4907/contents/BBPVCL/BBPVCL.png
https://www.stormbowling.com/products/equipment/bowling-balls/24/1/2/,https://www.stormbowling.com/storm-ice-storm-bowling-ball-black-white-gold,static/catalog_images/bbpvwg_aed29dd8.webp,ICE STORM BLACK-WHITE-GOLD,BBPVWG,$75.00,none,Equipment,Bowling Balls,https://assets.1.commercebuild.com/d186dcd2044cf54d8e48876defef4907/contents/BBPVWG/BBPVWG.png
https://www.stormbowling.com/products/equipment/bowling-balls/24/1/2/,https://www.stormbowling.com/storm-ice-storm-bowling-ball-ocean-blue-white,static/catalog_images/bbpvob_15bb6a50.webp,ICE STORM OCEAN BLUE-WHITE,BBPVOB,$80.00,,Equipment,Bowling Balls,https://assets.1.commercebuild.com/d186dcd2044cf54d8e48876defef4907/contents/BBPVOB/BBPVOB.png
https://www.stormbowling.com/products/equipment/bowling-balls/24/1/2/,https://www.stormbowling.com/storm-mix-bowling-ball-platinum,static/catalog_images/bbpvpi_0f842751.webp,MIX PLATINUM,BBPVPI,$80.00,none,Equipment,Bowling Balls,https://assets.1.commercebuild.com/d186dcd2044cf54d8e48876defef4907/contents/BBPVPI/BBPVPI.png
https://www.stormbowling.com/products/equipment/bowling-balls/24/1/2/,https://www.stormbowling.com/storm-ice-storm-bowling-ball-teal-silver-graphite,static/catalog_images/bbpvvg_f10d272b.webp,Ice Storm Teal-Silver-Graphite,BBPVVG,$80.00,,Equipment,Bowling Balls,https://assets.1.commercebuild.com/d186dcd2044cf54d8e48876defef4907/contents/BBPVVG/BBPVVG.png
https://www.stormbowling.com/products/equipment/bowling-balls/24/1/2/,https://www.stormbowling.com/storm-mix-bowling-ball-black-silver,static/catalog_images/bbptxi_d3a14af0.webp,MIX BLACK-SILVER,BBPTXI,$80.00,,Equipment,Bowling Balls,https://assets.1.commercebuild.com/d186dcd2044cf54d8e48876defef4907/contents/BBPTXI/BBPTXI.png
https://www.stormbowling.com/products/equipment/bowling-balls/24/1/2/,https://www.stormbowling.com/storm-mix-bowling-ball-black-purple-pink,static/catalog_images/bbpvbp_4e497ee8.webp,MIX BLACK-PURPLE-PINK,BBPVBP,$80.00,,Equipment,Bowling Balls,https://assets.1.commercebuild.com/d186dcd2044cf54d8e48876defef4907/contents/BBPVBP/BBPVBP.png
https://www.stormbowling.com/products/equipment/bowling-balls/24/1/2/,https://www.stormbowling.com/storm-mix-bowling-ball-lime-royal-custard,static/catalog_images/bbpvyc_1f7268a3.webp,MIX LIME-ROYAL-CUSTARD,BBPVYC,$80.00,,Equipment,Bowling Balls,https://assets.1.commercebuild.com/d186dcd2044cf54d8e48876defef4907/contents/BBPVYC/BBPVYC.png
https://www.stormbowling.com/products/equipment/bowling-balls/24/1/2/,https://www.stormbowling.com/storm-mix-bowling-ball-purple-blue-white,static/catalog_images/bbpvxp_ef64e89f.webp,MIX PURPLE-BLUE-WHITE,BBPVXP,$80.00,,Equipment,Bowling Balls,https://assets.1.commercebuild.com/d186dcd2044cf54d8e48876defef4907/contents/BBPVXP/BBPVXP.png
https://www.stormbowling.com/products/equipment/bowling-balls/24/1/2/,https://www.stormbowling.com/storm-mix-bowling-ball-purple-jade-steel,static/catalog_images/bbpvxj_85aea86e.webp,MIX PURPLE-JADE-STEEL,BBPVXJ,$80.00,,Equipment,Bowling Balls,https://assets.1.commercebuild.com/d186dcd2044cf54d8e48876defef4907/contents/BBPVXJ/BBPVXJ.png
https://www.stormbowling.com/products/equipment/bowling-balls/24/1/2/,https://www.stormbowling.com/storm-mix-bowling-ball-red-white-navy,static/catalog_images/bbpvrw_273c484d.webp,MIX RED/WHITE/NAVY,BBPVRW,$80.00,none,Equipment,Bowling Balls,https://assets.1.commercebuild.com/d186dcd2044cf54d8e48876defef4907/contents/BBPVRW/BBPVRW.png
https://www.stormbowling.com/products/equipment/bowling-balls/24/1/2/,https://www.stormbowling.com/roto-grip-transform-pearl-bowling-ball,static/catalog_images/bbmrlt_fada7253.webp,Transform Pearl,BBMRLT,$125.00,none,Equipment,Bowling Balls,https://assets.1.commercebuild.com/d186dcd2044cf54d8e48876defef4907/contents/BBMRLT/Transform_Pearl.png?v=01c6a051
https://www.stormbowling.com/products/equipment/bowling-balls/24/1/2/,https://www.stormbowling.com/roto-grip-transformer-bowling-ball,static/catalog_images/bbmrll_c11cc609.webp,TRANSFORMER,BBMRLL,$125.00,none,Equipment,Bowling Balls,https://assets.1.commercebuild.com/d186dcd2044cf54d8e48876defef4907/contents/BBMRLL/IMG_2463.png
https://www.stormbowling.com/products/equipment/bowling-balls/24/1/2/,https://www.stormbowling.com/roto-grip-rst-hyperdrive-pearl-bowling-ball,static/catalog_images/bbmryr_8c4f852d.webp,RST HYPERDRIVE PEARL,BBMRYR,$120.00,none,Equipment,Bowling Balls,https://assets.1.commercebuild.com/d186dcd2044cf54d8e48876defef4907/contents/BBMRYR/BBMRYR@1.png
https://www.stormbowling.com/products/equipment/bowling-balls/24/1/2/,https://www.stormbowling.com/roto-grip-wicked-gremlin-bowling-ball,static/catalog_images/bbmrwg_301d0102.webp,Wicked Gremlin,BBMRWG,$105.00,none,Equipment,Bowling Balls,https://assets.1.commercebuild.com/d186dcd2044cf54d8e48876defef4907/contents/BBMRWG/Wicked_Gremlin_rv3_shadow-small.png?v=d89e8f9d
https://www.stormbowling.com/products/equipment/bowling-balls/24/1/2/,https://www.stormbowling.com/roto-grip-gremlin-tour-x-bowling-ball,static/catalog_images/bbmrgv_87c78055.webp,Gremlin Tour-X,BBMRGV,$105.00,none,Equipment,Bowling Balls,https://assets.1.commercebuild.com/d186dcd2044cf54d8e48876defef4907/contents/BBMRGV/BBMRGV.png
https://www.stormbowling.com/products/equipment/bowling-balls/24/1/2/,https://www.stormbowling.com/roto-grip-gremlin-bowling-ball,static/catalog_images/bbmrgx_4c8233bb.webp,GREMLIN,BBMRGX,$105.00,none,Equipment,Bowling Balls,https://assets.1.commercebuild.com/d186dcd2044cf54d8e48876defef4907/contents/BBMRGX/Gremlin.png
https://www.stormbowling.com/products/equipment/bowling-balls/24/1/3/,https://www.stormbowling.com/roto-grip-hyped-up-bowling-ball,static/catalog_images/bbmryy_eba84a4e.webp,hyped UP!,BBMRYY,$100.00,none,Equipment,Bowling Balls,https://assets.1.commercebuild.com/d186dcd2044cf54d8e48876defef4907/contents/BBMRYY/Hyped_Up_.png?v=e274cc5e
https://www.stormbowling.com/products/equipment/bowling-balls/24/1/3/,https://www.stormbowling.com/roto-grip-hustle-vp-bowling-ball,static/catalog_images/bbmrvu_76488d3e.webp,Hustle VP,BBMRVU,$90.00,none,Equipment,Bowling Balls,https://assets.1.commercebuild.com/d186dcd2044cf54d8e48876defef4907/contents/BBMRVU/BBMRVU.png
https://www.stormbowling.com/products/equipment/bowling-balls/24/1/3/,https://www.stormbowling.com/roto-grip-hustle-sos-bowling-ball,static/catalog_images/bbmrsj_fbc42650.webp,Hustle SOS,BBMRSJ,$90.00,none,Equipment,Bowling Balls,https://assets.1.commercebuild.com/d186dcd2044cf54d8e48876defef4907/contents/BBMRSJ/BBMRSJ.png
https://www.stormbowling.com/products/equipment/bowling-balls/24/1/3/,https://www.stormbowling.com/roto-grip-hustle-bowling-ball-glow,static/catalog_images/bbmrwq_fec0fc4c.webp,HUSTLE GLOW,BBMRWQ,OUT_OF_STOCK,none,Equipment,Bowling Balls,https://assets.1.commercebuild.com/d186dcd2044cf54d8e48876defef4907/contents/BBMRWQ/Hustle_Glow.png
https://www.stormbowling.com/products/equipment/bowling-balls/24/1/3/,https://www.stormbowling.com/roto-grip-hustle-bowling-ball-x-ray,static/catalog_images/bbmrqx_21c75a6a.webp,HUSTLE X-RAY,BBMRQX,$90.00,none,Equipment,Bowling Balls,https://assets.1.commercebuild.com/d186dcd2044cf54d8e48876defef4907/contents/BBMRQX/BBMRQX.png
https://www.stormbowling.com/products/equipment/bowling-balls/24/1/3/,https://www.stormbowling.com/roto-grip-hustle-bowling-ball-earth,static/catalog_images/bbmrqj_9efb2600.webp,HUSTLE EARTH,BBMRQJ,OUT_OF_STOCK,none,Equipment,Bowling Balls,https://assets.1.commercebuild.com/d186dcd2044cf54d8e48876defef4907/contents/BBMRQJ/Hustle_Earth.png
https://www.stormbowling.com/products/equipment/bowling-balls/24/1/3/,https://www.stormbowling.com/roto-grip-hustle-bowling-ball-m-m,static/catalog_images/bbmrqa_b20889f3.webp,HUSTLE M-M,BBMRQA,$90.00,,Equipment,Bowling Balls,https://assets.1.commercebuild.com/d186dcd2044cf54d8e48876defef4907/contents/BBMRQA/BBMRQA.png
https://www.stormbowling.com/products/equipment/bowling-balls/24/1/3/,https://www.stormbowling.com/roto-grip-cosmos-bowling-ball,static/catalog_images/bbprcy_1efedc29.webp,Cosmos,BBPRCY,$80.00,none,Equipment,Bowling Balls,https://assets.1.commercebuild.com/d186dcd2044cf54d8e48876defef4907/contents/BBPRCY/Cosmos.png?v=c062bb18
https://www.stormbowling.com/products/equipment/bowling-balls/24/1/3/,https://www.stormbowling.com/roto-grip-jester-clear-polyester-bowling-ball,static/catalog_images/bbprjc_078c2381.webp,RG JESTER CLEAR POLYESTER,BBPRJC,$144.00,,Equipment,Bowling Balls,https://assets.1.commercebuild.com/d186dcd2044cf54d8e48876defef4907/contents/BBPRJC/BBPRJC.png
https://www.stormbowling.com/products/equipment/bowling-balls/24/1/3/,https://www.stormbowling.com/900-global-viking-conquest-bowling-ball,static/catalog_images/bbmgkq_3bbafb99.webp,Viking Conquest,BBMGKQ,$120.00,none,Equipment,Bowling Balls,https://assets.1.commercebuild.com/d186dcd2044cf54d8e48876defef4907/contents/BBMGKQ/BBMGKQ@1.png
https://www.stormbowling.com/products/equipment/bowling-balls/24/1/3/,https://www.stormbowling.com/900-global-viking-bowling-ball,static/catalog_images/bbmgvk_565e21bc.webp,VIKING,BBMGVK,OUT_OF_STOCK,none,Equipment,Bowling Balls,https://assets.1.commercebuild.com/d186dcd2044cf54d8e48876defef4907/contents/BBMGVK/BBMGVK.png
https://www.stormbowling.com/products/equipment/bowling-balls/24/1/3/,https://www.stormbowling.com/900-global-vengeance-returns-bowling-ball,static/catalog_images/bbmgrn_0dd7371d.webp,Vengeance Returns,BBMGRN,$110.00,none,Equipment,Bowling Balls,https://assets.1.commercebuild.com/d186dcd2044cf54d8e48876defef4907/contents/BBMGRN/BBMGRN@1_(1).png
https://www.stormbowling.com/products/equipment/bowling-balls/24/1/3/,https://www.stormbowling.com/900-global-vengeance-bowling-ball,static/catalog_images/bbmgrr_c4056a2e.webp,VENGEANCE,BBMGRR,$110.00,none,Equipment,Bowling Balls,https://assets.1.commercebuild.com/d186dcd2044cf54d8e48876defef4907/contents/BBMGRR/BBMGRR.png
https://www.stormbowling.com/products/equipment/bowling-balls/24/1/3/,https://www.stormbowling.com/900-global-onyx-polyester-bowling-ball,static/catalog_images/bbpgox_02dcfb8d.webp,ONYX POLYESTER,BBPGOX,$120.00,,Equipment,Bowling Balls,https://assets.1.commercebuild.com/d186dcd2044cf54d8e48876defef4907/contents/BBPGOX/Global_Poly_Global_still.png
https://www.stormbowling.com/products/equipment/shoe-accessories/24/1/2/,https://www.stormbowling.com/shoe-sole-cleat-oiled-leather,static/catalog_images/sp_clt_ol_50aaa467.webp,CLEATS-OILED LEATHER 7/PK,SP-CLT-OL,$13.00,none,Equipment,Shoe Accessories,https://assets.1.commercebuild.com/d186dcd2044cf54d8e48876defef4907/contents/SP-CLT-OL/thumbnail/big_SP-CLT-OL.png
https://www.stormbowling.com/products/equipment/shoe-accessories/24/1/2/,https://www.stormbowling.com/3G-patch-black,static/catalog_images/ac3gp01_490005ed.webp,3G PATCH BLACK,AC3GP01,$2.50,none,Equipment,Shoe Accessories,https://assets.1.commercebuild.com/d186dcd2044cf54d8e48876defef4907/contents/AC3GP01/thumbnail/big_AC3GP01.png
https://www.stormbowling.com/products/equipment/shoe-accessories/24/1/2/,https://www.stormbowling.com/master-bowling-shoe-slide,static/catalog_images/m317_36881f34.webp,Master Bowling Shoe Slide,M317,$8.00,none,Equipment,Shoe Accessories,https://assets.1.commercebuild.com/d186dcd2044cf54d8e48876defef4907/contents/M317/thumbnail/big_M317.png
https://www.stormbowling.com/products/equipment/shoe-accessories/24/1/2/,https://www.stormbowling.com/master-tru-slide-each,static/catalog_images/m1320_9d25315e.webp,TRU-SLIDE EACH,M1320,$7.00,none,Equipment,Shoe Accessories,https://assets.1.commercebuild.com/d186dcd2044cf54d8e48876defef4907/contents/M1320/thumbnail/big_M1320.png
https://www.stormbowling.com/products/equipment/shoe-accessories/24/1/2/,https://www.stormbowling.com/master-ladies-fuzzy-bowling-shoe-covers,static/catalog_images/m318f_1a2f828e.webp,Master Ladies Fuzzy Bowling Shoe Covers,M318F,$13.00,none,Equipment,Shoe Accessories,https://assets.1.commercebuild.com/d186dcd2044cf54d8e48876defef4907/contents/M318F/thumbnail/middle_M318F.png
https://www.stormbowling.com/products/equipment/shoe-accessories/24/1/2/,https://www.stormbowling.com/master-black-bowling-shoe-cover,static/catalog_images/m1319_39214525.webp,Master Black Bowling Shoe Covers,M1319,$15.95,none,Equipment,Shoe Accessories,https://assets.1.commercebuild.com/d186dcd2044cf54d8e48876defef4907/contents/M1319/thumbnail/middle_M318.png
https://www.stormbowling.com/products/equipment/shoe-accessories/24/1/2/,https://www.stormbowling.com/products/equipment/shoe-accessories/m509c-master-rental-shoe-cleaner-dozen,,Master Rental Shoe Cleaner (12 Pack),M509C,$84.50,none,Equipment,Shoe Accessories,
https://www.stormbowling.com/products/equipment/shoe-accessories/24/1/2/,https://www.stormbowling.com/products/equipment/shoe-accessories/sp-h11-r-formula-heel-h11-reg,static/catalog_images/sp_h11_r_b0542d3e.webp,FORMULA HEEL H11 REG,SP-H11-R,$12.00,none,Equipment,Shoe Accessories,https://assets.1.commercebuild.com/d186dcd2044cf54d8e48876defef4907/contents/SP-H11-R/thumbnail/middle_SP-H11-R.png
https://www.stormbowling.com/products/merchandise/accessories/24/1/2/,https://www.stormbowling.com/products/merchandise/accessories/gpatchbysq-900-global-patch-blackyellow-square,static/catalog_images/gpatchbysq_328dea56.webp,900 GLOBAL PATCH BLACK/YELLOW SQUARE,GPATCHBYSQ,$2.00,none,Merchandise,Accessories,https://assets.1.commercebuild.com/d186dcd2044cf54d8e48876defef4907/contents/GPATCHBYSQ/thumbnail/big_900Global_Patch.png
https://www.stormbowling.com/products/merchandise/accessories/24/1/2/,https://www.stormbowling.com/products/merchandise/accessories/acrps-storm-bolt-rubber-patch,static/catalog_images/acrps_ed37f6ae.webp,STORM BOLT RUBBER PATCH,ACRPS,$1.25,none,Merchandise,Accessories,https://assets.1.commercebuild.com/d186dcd2044cf54d8e48876defef4907/contents/ACRPS/thumbnail/big_Storm_Patche_bolt_Teal.png
https://www.stormbowling.com/products/merchandise/accessories/24/1/2/,https://www.stormbowling.com/products/merchandise/accessories/acrps06-oval-bolt-logo-rubber-patch-tealwhite,static/catalog_images/acrps06_a503f3c0.webp,OVAL BOLT LOGO RUBBER PATCH TEAL/WHITE,ACRPS06,$1.25,none,Merchandise,Accessories,https://assets.1.commercebuild.com/d186dcd2044cf54d8e48876defef4907/contents/ACRPS06/thumbnail/big_ACRPS06@2.png
https://www.stormbowling.com/products/merchandise/accessories/24/1/2/,https://www.stormbowling.com/products/merchandise/accessories/24/1/1/,static/catalog_images/ac574rd_8ff9e1da.webp,Accessories,AC574RD,$26.40,none,Merchandise,Accessories,https://assets.1.commercebuild.com/d186dcd2044cf54d8e48876defef4907/contents/AC574RD/thumbnail/big_AC574RD@1.png
https://www.stormbowling.com/products/merchandise/apparel/24/1/2/,https://www.stormbowling.com/storm-bowl-retro-long-sleeve-tee,static/catalog_images/shst257_660b148e.webp,STORM BOWL RETRO LONG SLEEVE TEE,SHST257,$23.00,none,Merchandise,Apparel,https://assets.1.commercebuild.com/d186dcd2044cf54d8e48876defef4907/contents/SHST257/thumbnail/big_SHST257.png
https://www.stormbowling.com/products/merchandise/apparel/24/1/2/,https://www.stormbowling.com/storm-vest,static/catalog_images/shst254_436fcd8d.webp,STORM VEST,SHST254,$44.00,none,Merchandise,Apparel,https://assets.1.commercebuild.com/d186dcd2044cf54d8e48876defef4907/contents/SHST254/thumbnail/big_SHST254.png
https://www.stormbowling.com/products/merchandise/apparel/24/1/2/,https://www.stormbowling.com/storm-quarter-zip-hoodie,static/catalog_images/shst255_ce4bd571.webp,STORM QUARTER ZIP HOODIE,SHST255,$44.00,none,Merchandise,Apparel,https://assets.1.commercebuild.com/d186dcd2044cf54d8e48876defef4907/contents/SHST255/thumbnail/big_SHST255@1.png
https://www.stormbowling.com/products/merchandise/apparel/24/1/2/,https://www.stormbowling.com/storm-hoodie-desert-rose,static/catalog_images/shst221_504da8ba.webp,STORM HOODIE DESERT ROSE,SHST221,$31.90,none,Merchandise,Apparel,https://assets.1.commercebuild.com/d186dcd2044cf54d8e48876defef4907/contents/SHST221/thumbnail/big_SHST221.png
https://www.stormbowling.com/products/merchandise/apparel/24/1/2/,https://www.stormbowling.com/storm-hoodie-heathered-sage,static/catalog_images/shst220_e97cc448.webp,STORM HOODIE HEATHERED SAGE,SHST220,$31.90,none,Merchandise,Apparel,https://assets.1.commercebuild.com/d186dcd2044cf54d8e48876defef4907/contents/SHST220/thumbnail/middle_SHST220.png
https://www.stormbowling.com/products/merchandise/apparel/24/1/2/,https://www.stormbowling.com/storm-statement-performance-tee-white,static/catalog_images/shst247_fbc4603b.webp,STORM STATEMENT PERFORMANCE TEE (WHITE),SHST247,$28.00,none,Merchandise,Apparel,https://assets.1.commercebuild.com/d186dcd2044cf54d8e48876defef4907/contents/SHST247/thumbnail/middle_SHST247.png
https://www.stormbowling.com/products/merchandise/apparel/24/1/2/,https://www.stormbowling.com/storm-lion-jersey,static/catalog_images/shst260_93c8e4b1.webp,STORM LION JERSEY,SHST260,$32.00,none,Merchandise,Apparel,https://assets.1.commercebuild.com/d186dcd2044cf54d8e48876defef4907/contents/SHST260/thumbnail/middle_SHST260.png
https://www.stormbowling.com/products/merchandise/apparel/24/1/2/,https://www.stormbowling.com/storm-nation-oval-bolt-jersey,static/catalog_images/shst217_a5db9805.webp,STORM NATION OVAL BOLT JERSEY,SHST217,$36.00,none,Merchandise,Apparel,https://assets.1.commercebuild.com/d186dcd2044cf54d8e48876defef4907/contents/SHST217/thumbnail/middle_SHST217.png
https://www.stormbowling.com/products/merchandise/apparel/24/1/2/,https://www.stormbowling.com/storm-nation-salute-jersey,static/catalog_images/shst216_91be9b99.webp,STORM NATION SALUTE JERSEY,SHST216,$36.00,none,Merchandise,Apparel,https://assets.1.commercebuild.com/d186dcd2044cf54d8e48876defef4907/contents/SHST216/thumbnail/middle_SHST216.png
https://www.stormbowling.com/products/merchandise/apparel/24/1/2/,https://www.stormbowling.com/storm-rival-polo-navy,static/catalog_images/shst224_866f6398.webp,STORM RIVAL POLO NAVY,SHST224,$67.95,none,Merchandise,Apparel,https://assets.1.commercebuild.com/d186dcd2044cf54d8e48876defef4907/contents/SHST224/thumbnail/middle_SHST224.png
https://www.stormbowling.com/products/merchandise/apparel/24/1/2/,https://www.stormbowling.com/storm-rival-polo-gray,static/catalog_images/shst225_3d7c9d37.webp,STORM RIVAL POLO GRAY,SHST225,$67.95,none,Merchandise,Apparel,https://assets.1.commercebuild.com/d186dcd2044cf54d8e48876defef4907/contents/SHST225/thumbnail/middle_SHST225.png
https://www.stormbowling.com/products/merchandise/apparel/24/1/2/,https://www.stormbowling.com/storm-womens-quarter-zip-pullover,static/catalog_images/shst219_24873acd.webp,WOMENS QUARTER ZIP PULLOVER,SHST219,$44.00,none,Merchandise,Apparel,https://assets.1.commercebuild.com/d186dcd2044cf54d8e48876defef4907/contents/SHST219/thumbnail/middle_SHST219.png
https://www.stormbowling.com/products/merchandise/apparel/24/1/2/,https://www.stormbowling.com/storm-nation-mens-tee-royal-blue,static/catalog_images/shst211_0a52af3b.webp,STORM NATION MENS TEE ROYAL BLUE,SHST211,$15.40,none,Merchandise,Apparel,https://assets.1.commercebuild.com/d186dcd2044cf54d8e48876defef4907/contents/shst211/thumbnail/middle_SHST211.png
https://www.stormbowling.com/products/merchandise/apparel/24/1/2/,https://www.stormbowling.com/storm-nation-mens-tee-coyote-brown,static/catalog_images/shst210_5c443ba3.webp,STORM NATION MENS TEE COYOTE BROWN,SHST210,$15.40,none,Merchandise,Apparel,https://assets.1.commercebuild.com/d186dcd2044cf54d8e48876defef4907/contents/shst210/thumbnail/middle_SHST210.png
https://www.stormbowling.com/products/merchandise/apparel/24/1/2/,https://www.stormbowling.com/storm-oval-bolt-tee-plum,static/catalog_images/shst212_717c727a.webp,STORM OVAL BOLT TEE PLUM,SHST212,$15.40,none,Merchandise,Apparel,https://assets.1.commercebuild.com/d186dcd2044cf54d8e48876defef4907/contents/shst212/thumbnail/middle_SHST212.png
https://www.stormbowling.com/products/merchandise/apparel/24/1/2/,https://www.stormbowling.com/storm-oval-bolt-tee-maritime,static/catalog_images/shst213_82f10943.webp,STORM OVAL BOLT TEE MARITIME,SHST213,$15.40,none,Merchandise,Apparel,https://assets.1.commercebuild.com/d186dcd2044cf54d8e48876defef4907/contents/shst213/thumbnail/middle_SHST213@1.png
https://www.stormbowling.com/products/merchandise/apparel/24/1/2/,https://www.stormbowling.com/storm-oval-bolt-womens-tee-charcoal,static/catalog_images/shst214_c357abbe.webp,STORM OVAL BOLT WOMENS TEE CHARCOAL,SHST214,$15.40,none,Merchandise,Apparel,https://assets.1.commercebuild.com/d186dcd2044cf54d8e48876defef4907/contents/shst214/thumbnail/middle_SHST214.png
https://www.stormbowling.com/products/merchandise/apparel/24/1/2/,https://www.stormbowling.com/storm-mens-tee-eucalyptus,static/catalog_images/shst215_dd0ae5ba.webp,STORM MENS EUCALYPTUS,SHST215,$15.40,none,Merchandise,Apparel,https://assets.1.commercebuild.com/d186dcd2044cf54d8e48876defef4907/contents/shst215/thumbnail/middle_SHST215.png
https://www.stormbowling.com/products/merchandise/apparel/24/1/2/,https://www.stormbowling.com/storm-city-polo-red,static/catalog_images/shst208_c0157dd4.webp,CITY POLO RED,SHST208,$33.00,none,Merchandise,Apparel,https://assets.1.commercebuild.com/d186dcd2044cf54d8e48876defef4907/contents/shst208/thumbnail/middle_SHST208.png
https://www.stormbowling.com/products/merchandise/apparel/24/1/2/,https://www.stormbowling.com/products/merchandise/apparel/shst195-storm-nation-tee-red,static/catalog_images/shst195_316fa754.webp,STORM NATION TEE RED,SHST195,OUT_OF_STOCK,none,Merchandise,Apparel,https://assets.1.commercebuild.com/d186dcd2044cf54d8e48876defef4907/contents/SHST195/thumbnail/middle_SHST195.png
https://www.stormbowling.com/products/merchandise/apparel/24/1/2/,https://www.stormbowling.com/storm-nation-black-tee,static/catalog_images/shst192_562f471c.webp,STORM NATION TEE BLACK,SHST192,$15.40,none,Merchandise,Apparel,https://assets.1.commercebuild.com/d186dcd2044cf54d8e48876defef4907/contents/SHST192/thumbnail/middle_SHST192.png
https://www.stormbowling.com/products/merchandise/apparel/24/1/2/,https://www.stormbowling.com/products/merchandise/apparel/shst197-storm-nation-womens-tee-purple,static/catalog_images/shst197_a17976ab.webp,STORM NATION WOMENS TEE PURPLE,SHST197,OUT_OF_STOCK,none,Merchandise,Apparel,https://assets.1.commercebuild.com/d186dcd2044cf54d8e48876defef4907/contents/SHST197/thumbnail/middle_SHST197.png
https://www.stormbowling.com/products/merchandise/apparel/24/1/2/,https://www.stormbowling.com/products/merchandise/apparel/shst285-storm-casino-jersey-dice,static/catalog_images/shst285_3f089b36.webp,Storm Casino Jersey (Dice),SHST285,$39.99,none,Merchandise,Apparel,https://assets.1.commercebuild.com/d186dcd2044cf54d8e48876defef4907/contents/SHST285/thumbnail/middle_SHST285.png?v=96e49573
https://www.stormbowling.com/products/merchandise/apparel/24/1/2/,https://www.stormbowling.com/products/merchandise/apparel/shst287-storm-patriotic-jersey,static/catalog_images/shst287_6e15272d.webp,Storm Patriotic Jersey,SHST287,$39.99,none,Merchandise,Apparel,https://assets.1.commercebuild.com/d186dcd2044cf54d8e48876defef4907/contents/SHST287/thumbnail/middle_SHST287.png?v=c333a57c
https://www.stormbowling.com/products/merchandise/apparel/24/1/3/,https://www.stormbowling.com/products/merchandise/apparel/shst289-storm-lightning-jersey-teal,static/catalog_images/shst289_dbc5c09a.webp,Storm Lightning Jersey (Teal),SHST289,$39.99,none,Merchandise,Apparel,https://assets.1.commercebuild.com/d186dcd2044cf54d8e48876defef4907/contents/SHST289/thumbnail/big_SHST289.png?v=92844aeb
https://www.stormbowling.com/products/merchandise/apparel/24/1/3/,https://www.stormbowling.com/products/merchandise/apparel/shst288-storm-jersey-black-teal,static/catalog_images/shst288_05eb40cf.webp,Storm Jersey (Black-Teal),SHST288,$39.99,none,Merchandise,Apparel,https://assets.1.commercebuild.com/d186dcd2044cf54d8e48876defef4907/contents/SHST288/thumbnail/big_SHST288.png?v=4ea01c98
https://www.stormbowling.com/products/merchandise/apparel/24/1/3/,https://www.stormbowling.com/storm-crew-blue,static/catalog_images/shst237_a6c3c412.webp,STORM CREW (BLUE),SHST237,$25.00,none,Merchandise,Apparel,https://assets.1.commercebuild.com/d186dcd2044cf54d8e48876defef4907/contents/SHST237/thumbnail/big_SHST237@1_5.png
https://www.stormbowling.com/products/merchandise/apparel/24/1/3/,https://www.stormbowling.com/storm-crew-steel-gray-oval,static/catalog_images/shst238_0eed0691.webp,STORM CREW (STEEL GREY OVAL),SHST238,$25.00,none,Merchandise,Apparel,https://assets.1.commercebuild.com/d186dcd2044cf54d8e48876defef4907/contents/SHST238/thumbnail/big_SHST238@1.png
https://www.stormbowling.com/products/merchandise/apparel/24/1/3/,https://www.stormbowling.com/storm-jersey-swamp,static/catalog_images/shst228_32d7fdec.webp,STORM JERSEY (SWAMP),SHST228,$25.00,none,Merchandise,Apparel,https://assets.1.commercebuild.com/d186dcd2044cf54d8e48876defef4907/contents/SHST228/thumbnail/middle_SHST228@1.png
https://www.stormbowling.com/products/merchandise/apparel/24/1/3/,https://www.stormbowling.com/roto-grip-classic-hoodie,static/catalog_images/shrg540_b555e07f.webp,RG CLASSIC HOODIE,SHRG540,$25.30,none,Merchandise,Apparel,https://assets.1.commercebuild.com/d186dcd2044cf54d8e48876defef4907/contents/SHRG540/thumbnail/middle_SHRG540@1.png
https://www.stormbowling.com/products/merchandise/apparel/24/1/3/,https://www.stormbowling.com/roto-grip-pullover-shell-lightweight-pullover-anorak-jacket,static/catalog_images/shrg541_db6b5bea.webp,RG Pullover Shell | Roto Grip Lightweight Pullover Anorak Jacket,SHRG541,$41.80,none,Merchandise,Apparel,https://assets.1.commercebuild.com/d186dcd2044cf54d8e48876defef4907/contents/SHRG541/thumbnail/middle_SHSTRG541.png
https://www.stormbowling.com/products/merchandise/apparel/24/1/3/,https://www.stormbowling.com/roto-grip-star-of-chaos-tee,static/catalog_images/shrg534_aa8761db.webp,RG STAR OF CHAOS TEE,SHRG534,$16.00,none,Merchandise,Apparel,https://assets.1.commercebuild.com/d186dcd2044cf54d8e48876defef4907/contents/SHRG534/thumbnail/middle_SHRG534@1.png
https://www.stormbowling.com/products/merchandise/apparel/24/1/3/,https://www.stormbowling.com/roto-grip-retro-long-sleeve-hooded-tee-black,static/catalog_images/shrg535_2e746bb9.webp,RG RETRO LONG SLEEVE HOODED TEE (BLACK),SHRG535,$24.00,none,Merchandise,Apparel,https://assets.1.commercebuild.com/d186dcd2044cf54d8e48876defef4907/contents/SHRG535/thumbnail/middle_SHRG535.png
https://www.stormbowling.com/products/merchandise/apparel/24/1/3/,https://www.stormbowling.com/roto-grip-retro-long-sleeve-hooded-tee-navy,static/catalog_images/shrg536_8819442d.webp,RG RETRO LONG SLEEVE HOODED TEE (NAVY),SHRG536,$24.00,none,Merchandise,Apparel,https://assets.1.commercebuild.com/d186dcd2044cf54d8e48876defef4907/contents/SHRG536/thumbnail/middle_SHRG536@2.png
https://www.stormbowling.com/products/merchandise/apparel/24/1/3/,https://www.stormbowling.com/roto-grip-all-gas-tee,static/catalog_images/shrg539_8132ca7f.webp,RG ALL GAS TEE,SHRG539,$16.00,none,Merchandise,Apparel,https://assets.1.commercebuild.com/d186dcd2044cf54d8e48876defef4907/contents/SHRG539/thumbnail/middle_SHRG539.png
https://www.stormbowling.com/products/merchandise/apparel/24/1/3/,https://www.stormbowling.com/products/merchandise/apparel/shrg544-roto-grip-patriotic-jersey,static/catalog_images/shrg544_1ead1ed9.webp,Roto Grip Patriotic Jersey,SHRG544,$39.99,none,Merchandise,Apparel,https://assets.1.commercebuild.com/d186dcd2044cf54d8e48876defef4907/contents/SHRG544/thumbnail/middle_SHRG544.png?v=0a950694
https://www.stormbowling.com/products/merchandise/apparel/24/1/3/,https://www.stormbowling.com/products/merchandise/apparel/shrg542-roto-grip-casino-jersey-black-gray,static/catalog_images/shrg542_08921128.webp,Roto Grip Casino Jersey (Black-Gray),SHRG542,$39.99,none,Merchandise,Apparel,https://assets.1.commercebuild.com/d186dcd2044cf54d8e48876defef4907/contents/SHRG542/thumbnail/middle_SHRG542@1.png?v=131bb794
https://www.stormbowling.com/products/merchandise/apparel/24/1/3/,https://www.stormbowling.com/roto-grip-jersey-swamp,static/catalog_images/shst229_72fea5c2.webp,ROTO GRIP JERSEY (SWAMP),SHST229,$25.00,none,Merchandise,Apparel,https://assets.1.commercebuild.com/d186dcd2044cf54d8e48876defef4907/contents/SHST229/thumbnail/middle_SHST229@1.png
https://www.stormbowling.com/products/merchandise/apparel/24/1/3/,https://www.stormbowling.com/roto-grip-jersey-saints,static/catalog_images/shst233_714bce23.webp,ROTO GRIP JERSEY (SAINTS),SHST233,$25.00,none,Merchandise,Apparel,https://assets.1.commercebuild.com/d186dcd2044cf54d8e48876defef4907/contents/SHST233/thumbnail/middle_SHST233@1.png
https://www.stormbowling.com/products/merchandise/apparel/24/1/3/,https://www.stormbowling.com/roto-grip-crew-red,static/catalog_images/shst235_a8a04422.webp,ROTO GRIP CREW (RED),SHST235,$25.00,none,Merchandise,Apparel,https://assets.1.commercebuild.com/d186dcd2044cf54d8e48876defef4907/contents/SHST235/thumbnail/middle_SHST235@1.png
https://www.stormbowling.com/products/merchandise/apparel/24/1/3/,https://www.stormbowling.com/roto-grip-tee-red,static/catalog_images/shrg531_71169620.webp,ROTO GRIP TEE (RUBY RED),SHRG531,$15.00,none,Merchandise,Apparel,https://assets.1.commercebuild.com/d186dcd2044cf54d8e48876defef4907/contents/SHRG531/thumbnail/middle_SHRG531@1.png
https://www.stormbowling.com/products/merchandise/apparel/24/1/3/,https://www.stormbowling.com/roto-grip-open-frame-tee,static/catalog_images/shrg537_10cb184a.webp,RG OPEN FRAME TEE,SHRG537,$16.00,none,Merchandise,Apparel,https://assets.1.commercebuild.com/d186dcd2044cf54d8e48876defef4907/contents/SHRG537/thumbnail/middle_SHRG537.png
https://www.stormbowling.com/products/merchandise/apparel/24/1/3/,https://www.stormbowling.com/roto-grip-challenge-tee,static/catalog_images/shrg538_8496317e.webp,RG CHALLENGE TEE,SHRG538,$16.00,none,Merchandise,Apparel,https://assets.1.commercebuild.com/d186dcd2044cf54d8e48876defef4907/contents/SHRG538/thumbnail/middle_SHRG538.png
https://www.stormbowling.com/products/merchandise/apparel/24/1/3/,https://www.stormbowling.com/900-global-vengeance-takeover-tee,static/catalog_images/shgl822_0fbcbac2.webp,900 Global Vengeance Takeover Bowling Graphic Tee,SHGL822,$21.80,none,Merchandise,Apparel,https://assets.1.commercebuild.com/d186dcd2044cf54d8e48876defef4907/contents/SHGL822/thumbnail/middle_SHGL822@3.png
https://www.stormbowling.com/products/merchandise/apparel/24/1/3/,https://www.stormbowling.com/900-global-black-frame-zip-pullover,static/catalog_images/shgl818_f10751ae.webp,900 Global Black Frame 1/4-Zip Pullover,SHGL818,$38.50,none,Merchandise,Apparel,https://assets.1.commercebuild.com/d186dcd2044cf54d8e48876defef4907/contents/SHGL818/thumbnail/middle_SHGL818@1.png
https://www.stormbowling.com/products/merchandise/apparel/24/1/3/,https://www.stormbowling.com/900-global-craftline-hoodie-heather-black,static/catalog_images/shgl817_b60f5c60.webp,900 Global Heather Black Craftline Hoodie,SHGL817,$38.50,none,Merchandise,Apparel,https://assets.1.commercebuild.com/d186dcd2044cf54d8e48876defef4907/contents/SHGL817/thumbnail/middle_SHGL817@1.png
https://www.stormbowling.com/products/merchandise/apparel/24/1/3/,https://www.stormbowling.com/900-global-reserve-tee-black,static/catalog_images/shgl816_5232de53.webp,900 Global Black Reserve T-Shirt,SHGL816,$19.80,none,Merchandise,Apparel,https://assets.1.commercebuild.com/d186dcd2044cf54d8e48876defef4907/contents/SHGL816/thumbnail/middle_SHGL816@1.png
https://www.stormbowling.com/products/merchandise/apparel/24/1/3/,https://www.stormbowling.com/900-global-small-batch-graphic-tee-navy,static/catalog_images/shgl815_65874dcc.webp,900 Global Navy Small Batch Graphic T-Shirt,SHGL815,$19.80,none,Merchandise,Apparel,https://assets.1.commercebuild.com/d186dcd2044cf54d8e48876defef4907/contents/SHGL815/thumbnail/middle_SHGL815@1.png
https://www.stormbowling.com/products/merchandise/apparel/24/1/4/,https://www.stormbowling.com/900-global-viking-bowling-hooded-tee,static/catalog_images/shgl814_8255512e.webp,VIKING BOWLING HOODIE TEE,SHGL814,$28.00,none,Merchandise,Apparel,https://assets.1.commercebuild.com/d186dcd2044cf54d8e48876defef4907/contents/SHGL814/thumbnail/big_SHST274@Large.png
https://www.stormbowling.com/products/merchandise/apparel/24/1/4/,https://www.stormbowling.com/900-global-crew-gold,static/catalog_images/shst236_3ab45099.webp,GLOBAL CREW (GOLD),SHST236,$25.00,none,Merchandise,Apparel,https://assets.1.commercebuild.com/d186dcd2044cf54d8e48876defef4907/contents/SHST236/thumbnail/big_SHST236@1.png
https://www.stormbowling.com/products/merchandise/apparel/24/1/4/,https://www.stormbowling.com/900-global-tee-maize,static/catalog_images/shgl812_8b1a49b6.webp,GLOBAL TEE (MAIZE),SHGL812,$15.00,none,Merchandise,Apparel,https://assets.1.commercebuild.com/d186dcd2044cf54d8e48876defef4907/contents/SHGL812/thumbnail/big_SHGL812@1.png
https://www.stormbowling.com/products/merchandise/apparel/24/1/4/,https://www.stormbowling.com/900-global-jersey-saints,static/catalog_images/shst234_2de586b9.webp,GLOBAL JERSEY (SAINTS),SHST234,$25.00,none,Merchandise,Apparel,https://assets.1.commercebuild.com/d186dcd2044cf54d8e48876defef4907/contents/SHST234/thumbnail/big_SHST234@1.png
https://www.stormbowling.com/products/merchandise/apparel/24/1/4/,https://www.stormbowling.com/900-global-jersey-swamp,static/catalog_images/shst230_e951eee6.webp,GLOBAL JERSEY (SWAMP),SHST230,$25.00,none,Merchandise,Apparel,https://assets.1.commercebuild.com/d186dcd2044cf54d8e48876defef4907/contents/SHST230/thumbnail/middle_SHST230@1.png
https://www.stormbowling.com/products/merchandise/apparel/24/1/4/,https://www.stormbowling.com/products/merchandise/apparel/shgl819-global-casino-jersey-black-gray,static/catalog_images/shgl819_225a8325.webp,Global Casino Jersey (Black-Gray),SHGL819,$39.99,none,Merchandise,Apparel,https://assets.1.commercebuild.com/d186dcd2044cf54d8e48876defef4907/contents/SHGL819/thumbnail/middle_SHGL819.png?v=6e6bc0cf
https://www.stormbowling.com/products/merchandise/apparel/24/1/4/,https://www.stormbowling.com/products/merchandise/apparel/shgl820-global-casino-jersey-gold-chip,static/catalog_images/shgl820_eaabf3a7.webp,Global Casino Jersey (Gold Chip),SHGL820,$39.99,none,Merchandise,Apparel,https://assets.1.commercebuild.com/d186dcd2044cf54d8e48876defef4907/contents/SHGL820/thumbnail/middle_SHGL820.png?v=58ee2b62
